country,year,temperature,wildfire,storm,landslide,massmovement,volcanic,earthquake,flood,drought
Afghanistan,1950,0,0,0,0,0,0,210,5.1,0
Afghanistan,1960,0,0,0,0,0,0,0,10.7,0
Afghanistan,1970,0,0,0,10,0,0,6.1,32.1,0
Afghanistan,1980,0,0,0,7,0,0,51.3,0,0
Afghanistan,1990,22.4,0,1,73.9,0,0,742.6,199,0
Afghanistan,2000,166.5,0,33.1,4.3,0,0,123.6,117.5,3.7
Afghanistan,2010,4.5,0,15.1,84.8,0,0,21.7,137,0
Africa,1900,0,0,0,0,0,1.7,10,0,1100
Africa,1910,0,0,0,0,0,0,1.2,0,8500
Africa,1920,0,0,0,0,0,0,1.2,300,2400
Africa,1930,0,0,0,0,0,0,2.2,0,0
Africa,1940,0,0,16.5,0,0,0,27.6,0,5000
Africa,1950,0,0,64.2,0,0,0,128.3,23.7,0
Africa,1960,0,0,15.2,30.8,0,0,1257.7,134.3,205
Africa,1970,0,0.2,41.5,0,0,21.2,0,132.8,11900
Africa,1980,0,0.4,108,1.1,7.7,178.3,297,165,55495.4
Africa,1990,10.2,10.6,113,17.8,4.7,0,79.9,731.7,23.9
Africa,2000,12.5,15.4,127.3,20.2,9.8,20.6,333.5,794.8,88.8
Africa,2010,14.5,7.1,291.6,242.5,0,0,3.1,724.5,2000
Albania,1900,0,0,0,0,0,0,12,0,0
Albania,1910,0,0,0,0,0,0,0,0,0
Albania,1920,0,0,0,0,0,0,20,0,0
Albania,1930,0,0,0,0,0,0,15,0,0
Albania,1940,0,0,0,0,0,0,4.3,0,0
Albania,1950,0,0,0,0,0,0,0,0,0
Albania,1960,0,0,0,0,0,0,2.6,0,0
Albania,1970,0,0,0,0,0,0,3.5,0,0
Albania,1980,6.8,0,0,5.7,0,0,0.1,0,0
Albania,1990,0,0,0,0,0,0,0,1.5,0
Albania,2000,0.3,0,0.8,0,0,0,0,0.4,0
Albania,2010,1.1,0,0,0,0,0,5.1,0.4,0
Algeria,1910,0,0,0,0,0,0,1.2,0,0
Algeria,1920,0,0,0,0,0,0,0,300,0
Algeria,1930,0,0,0,0,0,0,0,0,0
Algeria,1940,0,0,0,0,0,0,27.6,0,0
Algeria,1950,0,0,0,0,0,0,125,2.5,0
Algeria,1960,0,0,0,0,0,0,6.9,15.3,0
Algeria,1970,0,0,0,0,0,0,0,3.2,0
Algeria,1980,0,0,0,0,0,0,268.6,16,0
Algeria,1990,0,2.2,0,1.5,0,0,19.3,10.3,0
Algeria,2000,4,0.8,2.7,0,0,0,227.9,131.2,0
Algeria,2010,0.8,0,0,0,0,0,0.6,9.7,0
American Samoa,1960,0,0,9,0,0,0,0,0,0
American Samoa,1970,0,0,0,0,0,0,0,0,0
American Samoa,1980,0,0,0,0,0,0,0,0,0
American Samoa,1990,0,0,0,0,0,0,0,0,0
American Samoa,2000,0,0,0,0,0,0,3.4,0.6,0
Angola,1980,0,0,0,0,0,0,0,0,0
Angola,1990,0,0,0,0,0,0,0,0,0
Angola,2000,0,0,0,1.3,0,0,0,32.8,5.8
Angola,2010,0,0,0,0,0,0,0,44.2,0
Anguilla,1910,0,0,0,0,0,0,0,0,0
Anguilla,1920,0,0,0,0,0,0,0,0,0
Anguilla,1930,0,0,0,0,0,0,0,0,0
Anguilla,1940,0,0,0,0,0,0,0,0,0
Anguilla,1950,0,0,0,0,0,0,0,0,0
Anguilla,1960,0,0,0.5,0,0,0,0,0,0
Anguilla,1970,0,0,0,0,0,0,0,0,0
Anguilla,1980,0,0,0,0,0,0,0,0,0
Anguilla,1990,0,0,0,0,0,0,0,0,0
Anguilla,2000,0,0,0,0,0,0,0,0,0
Anguilla,2010,0,0,0.4,0,0,0,0,0,0
Antigua and Barbuda,1950,0,0,0.2,0,0,0,0,0,0
Antigua and Barbuda,1960,0,0,0.2,0,0,0,0,0,0
Antigua and Barbuda,1970,0,0,0,0,0,0,0,0,0
Antigua and Barbuda,1980,0,0,0.2,0,0,0,0,0,0
Antigua and Barbuda,1990,0,0,0.6,0,0,0,0,0,0
Antigua and Barbuda,2000,0,0,0,0,0,0,0,0,0
Antigua and Barbuda,2010,0,0,0.1,0,0,0,0,0,0
Argentina,1920,0,0,0,0,0,0,40,0,0
Argentina,1930,0,0,0,0,0,0,0,0,0
Argentina,1940,0,0,0,0,0,0,1000,0,0
Argentina,1950,0,0,0,0,0,0,0,36,0
Argentina,1960,0,0,0,4.5,0,0,0,11.8,0
Argentina,1970,10,0,18.5,0,0,0,7,3.6,0
Argentina,1980,0,0,0.2,3,0,0,0.6,10.6,0
Argentina,1990,0,2.4,2.1,0,0,0,0,8.5,0
Argentina,2000,4.3,0.8,5.7,0.4,0,0,0,7.3,0
Argentina,2010,4.2,0,3.3,2.4,0,0,0,7.9,0.8
Armenia,1930,0,0,0,0,0,0,289,0,0
Armenia,1940,0,0,0,0,0,0,0,0,0
Armenia,1950,0,0,0,0,0,0,0,0,0
Armenia,1960,0,0,0,0,0,0,0,0,0
Armenia,1970,0,0,0,0,0,0,0,0,0
Armenia,1980,0,0,0,0,0,0,0,0,0
Armenia,1990,0,0,0,0,0,0,0,0.4,0
Armenia,2000,0,0,0,0,0,0,0,0.1,0
Armenia,2010,0,0,0,0,0,0,0,0,0
Asia,1900,0,0,1101.2,0,0,15.5,4842.9,0,125000
Asia,1910,0,0,5630,0,0,647.5,3473.4,10137.9,0
Asia,1920,0,0,11381.9,20,0,14.4,38548.6,3.6,350000
Asia,1930,0,0,7772.8,50,0,266.9,13111.9,436093.3,0
Asia,1940,0,0,12554.9,50,0,0,3395.3,6065.2,340000
Asia,1950,132,0,2502.5,77.8,0,195,1439.2,205570.1,0
Asia,1960,50,0,12052.5,135,15,313.6,3054.9,2596.6,150800
Asia,1970,89.5,0,34436.1,131.8,0,30,32729.5,6465.6,8.1
Asia,1980,233.6,21.2,4011.1,293.7,87.3,22.9,890.3,4194.4,229.4
Asia,1990,594.7,47.3,18449,530.7,46.8,89.6,9539.3,5301.6,282.3
Asia,2000,908.7,0.5,16007.1,613.1,6.6,0.8,44765.3,3714.8,19.1
Asia,2010,753.3,15.1,1968.6,601.6,9.2,88.1,4225.1,3723.1,8.8
Australia,1930,0,7.1,0,0,0,0,0,0,0
Australia,1940,0,4.9,0,0,0,0,0,0,0
Australia,1950,0,0,0,0,0,0,0,7,0
Australia,1960,0,7.4,0,0,0,0,0,0,60
Australia,1970,0,0.3,11.2,0,0,0,0,6,0
Australia,1980,0,8.6,4,0,0,0,1.2,7.1,0
Australia,1990,2.3,0.7,5.1,2.8,0,0,0,3.8,0
Australia,2000,34.7,20.2,1.2,0,0,0,0,3.4,0
Australia,2010,13.9,4.1,3.3,0,0,0,0,4.9,0
Austria,1950,0,0,0,23.8,0,0,0,0,0
Austria,1960,0,0,0,0,0,0,0,0,0
Austria,1970,0,0,0,1.5,0,0,0,0,0
Austria,1980,0,0,1.2,4.2,0,0,0,1.2,0
Austria,1990,0,0,0.3,5,0,0,0,1.3,0
Austria,2000,35.2,0,0.7,1.3,0,0,0,1.4,0
Austria,2010,0.6,0,1.6,0,0,0,0,0.4,0
Azerbaijan,1900,0,0,0,0,0,0,8.6,0,0
Azerbaijan,1910,0,0,0,0,0,0,0,0,0
Azerbaijan,1920,0,0,0,0,0,0,0,0,0
Azerbaijan,1930,0,0,0,0,0,0,0,0,0
Azerbaijan,1940,0,0,0,0,0,0,0,0,0
Azerbaijan,1950,0,0,0,0,0,0,0,0,0
Azerbaijan,1960,0,0,0,0,0,0,0,0,0
Azerbaijan,1970,0,0,0,0,0,0,0,0,0
Azerbaijan,1980,0,0,0,0,0,0,0,0,0
Azerbaijan,1990,0,0,0,0,0,0,0.2,1.6,0
Azerbaijan,2000,0,0,0,1.1,0,0,3.1,0,0
Azerbaijan,2010,0.5,0,0,0,0,0,0,0.3,0
Bahamas,1920,0,0,0,0,0,0,0,0,0
Bahamas,1930,0,0,1.4,0,0,0,0,0,0
Bahamas,1940,0,0,2.2,0,0,0,0,0,0
Bahamas,1950,0,0,0,0,0,0,0,0,0
Bahamas,1960,0,0,0.5,0,0,0,0,0,0
Bahamas,1970,0,0,0,0,0,0,0,0,0
Bahamas,1980,0,0,0,0,0,0,0,0,0
Bahamas,1990,0,0,0.5,0,0,0,0,0,0
Bahamas,2000,0,0,1.4,0,0,0,0,0,0
Bahamas,2010,0,0,39,0,0,0,0,0,0
Bangladesh,1900,0,0,17.2,0,0,0,0,0,0
Bangladesh,1910,0,0,0,0,0,0,0,0,0
Bangladesh,1920,0,0,0.6,0,0,0,0,0,0
Bangladesh,1930,0,0,0,0,0,0,0,0,0
Bangladesh,1940,0,0,6650,0,0,0,0,0,190000
Bangladesh,1950,0,0,70,0,0,0,0,0,0
Bangladesh,1960,0,0,9262.3,0,0,0,0,1029,0
Bangladesh,1970,0,0,30714.4,0,0,0,0,2937.5,1.8
Bangladesh,1980,17,0,1897.7,0,0,0,0.3,706.4,0
Bangladesh,1990,80.1,0,14259.4,0,0,0,2.9,294.4,0
Bangladesh,2000,133.5,0,558.8,1.3,0,0,0.4,240.4,0
Bangladesh,2010,21.8,0,59.2,25.2,0,0,0.9,65.3,0
Barbados,1950,0,0,5.7,0,0,0,0,0,0
Barbados,1960,0,0,0,0,0,0,0,0,0
Barbados,1970,0,0,0,0,0,0,0,0.3,0
Barbados,1980,0,0,0,0,0,0,0,0,0
Barbados,1990,0,0,0,0,0,0,0,0,0
Barbados,2000,0,0,0.1,0,0,0,0,0,0
Barbados,2010,0,0,0.1,0,0,0,0,0,0
Belarus,1990,0,0,0.5,0,0,0,0,0.2,0
Belarus,2000,0.5,0,0,0,0,0,0,0,0
Belarus,2010,4.9,0,0,0,0,0,0,0,0
Belgium,1900,0,0,0,0,0,0,0,0.6,0
Belgium,1910,0,0,0,0,0,0,0,0,0
Belgium,1920,0,0,0,0,0,0,0,0,0
Belgium,1930,0,0,6,0,0,0,0,0,0
Belgium,1940,0,0,0,0,0,0,0,0,0
Belgium,1950,0,0,0,0,0,0,0,1.5,0
Belgium,1960,1.2,0,0,0,0,0,0,0,0
Belgium,1970,0,0,0,0,0,0,0,0,0
Belgium,1980,0,0,0,0,0,0,0.2,0,0
Belgium,1990,0,0,2.4,0,0,0,0,0.1,0
Belgium,2000,211.8,0,0.7,0,0,0,0,0.2,0
Belgium,2010,112.9,0,0.8,0,0,0,0,0.4,0
Belize,1930,0,0,150,0,0,0,0,0,0
Belize,1940,0,0,0,0,0,0,0,0,0
Belize,1950,0,0,1.6,0,0,0,0,0,0
Belize,1960,0,0,27.5,0,0,0,0,0,0
Belize,1970,0,0,0.5,0,0,0,0,0,0
Belize,1980,0,0,0,0,0,0,0,0,0
Belize,1990,0,0,0.9,0,0,0,0,0,0
Belize,2000,0,0,5.4,0,0,0,0,0.1,0
Belize,2010,0,0,0,0,0,0,0,0,0
Benin,1960,0,0,0,0,0,0,0,0,0
Benin,1970,0,0.2,0,0,0,0,0,0,0
Benin,1980,0,0,0,0,0,0,0,6.1,0
Benin,1990,0,0,0,0,0,0,0,3.7,0
Benin,2000,0,0,0,0,0,0,0,3.5,0
Benin,2010,0,0.1,0,0,0,0,0,5,0
Bermuda,1940,0,0,0,0,0,0,0,0,0
Bermuda,1950,0,0,0,0,0,0,0,0,0
Bermuda,1960,0,0,0,0,0,0,0,0,0
Bermuda,1970,0,0,0,0,0,0,0,0,0
Bermuda,1980,0,0,0,0,0,0,0,0,0
Bermuda,1990,0,0,0,0,0,0,0,0,0
Bermuda,2000,0,0,0.4,0,0,0,0,0,0
Bhutan,1990,0,0,1.7,0,0,0,0,2.2,0
Bhutan,2000,0,0,1.2,0,0,0,1.1,20,0
Bhutan,2010,0,0,0,0,0,0,0.1,0,0
Bolivia,1960,0,0,0,0,0,0,0,7.8,0
Bolivia,1970,0,0,0,0,0,0,0,8.1,0
Bolivia,1980,0,0,0,0,0,0,0,30.4,0
Bolivia,1990,0,0.3,0,14.9,0,0,10,6,0
Bolivia,2000,1.5,0,2,6.9,0,0,0,36.1,0
Bolivia,2010,2.2,0,0,11.6,0,0,0,32.3,0
Bosnia and Herzegovina,1990,0,0,0,0,0,0,0,0,0
Bosnia and Herzegovina,2000,0.1,0,0.4,0.6,0,0,0,0,0
Bosnia and Herzegovina,2010,0.6,0,0,0,0,0,0,3,0
Botswana,1960,0,0,0,0,0,0,0,0,0
Botswana,1970,0,0,0,0,0,0,0,0,0
Botswana,1980,0,0,0,0,0,0,0,0.8,0
Botswana,1990,0,0,0,0,0,0,0,2,0
Botswana,2000,0,0,0,0,0,0,0,0.3,0
Botswana,2010,0,0,0,0,0,0,0,1.2,0
Brazil,1940,0,0,10,0,0,0,0,20,0
Brazil,1950,0,0,5.9,6.6,0,0,0,21.2,0
Brazil,1960,11.3,0,3.6,78.6,0,0,0,181.8,0
Brazil,1970,12.6,0,1,12.1,0,0,0,114.2,0
Brazil,1980,7.7,0,11.6,14.3,0,0,0.1,159.8,2
Brazil,1990,0,0.1,0.3,37.8,0,0,0,38.6,0
Brazil,2000,0.7,0,2.6,22.1,0,0,0.1,86.6,0
Brazil,2010,3.2,0,0.4,3,0,0,0,161.6,0
British Virgin Islands,1990,0,0,0,0,0,0,0,0,0
British Virgin Islands,2000,0,0,0,0,0,0,0,0,0
British Virgin Islands,2010,0,0,0.9,0,0,0,0,0,0
Brunei,1990,0,0,0,0,0,0,0,0,0
Bulgaria,1920,0,0,0,0,0,0,10.7,0,0
Bulgaria,1930,0,0,0,0,0,0,0,0,0
Bulgaria,1940,0,0,0,0,0,0,0,0,0
Bulgaria,1950,0,0,0,0,0,0,0,0,0
Bulgaria,1960,0,0,0,1.1,0,0,0,0,0
Bulgaria,1970,0,0,0,0,0,0,2,0,0
Bulgaria,1980,0,0,0,0,0,0,0.3,0,0
Bulgaria,1990,0.3,0,0,0,0,0,0.1,0,0
Bulgaria,2000,3.7,1,0.2,0,0,0,0,5.2,0
Bulgaria,2010,3.6,0,0.1,0,0,0,0,3,0
Burkina Faso,1910,0,0,0,0,0,0,0,0,0
Burkina Faso,1920,0,0,0,0,0,0,0,0,0
Burkina Faso,1930,0,0,0,0,0,0,0,0,0
Burkina Faso,1940,0,0,0,0,0,0,0,0,0
Burkina Faso,1950,0,0,0,0,0,0,0,0,0
Burkina Faso,1960,0,0,0,0,0,0,0,0,0
Burkina Faso,1970,0,0,0,0,0,0,0,0,0
Burkina Faso,1980,0,0,0,0,0,0,0,1.6,0
Burkina Faso,1990,0,0,0,0,0,0,0,2.8,0
Burkina Faso,2000,0,0,0,0,0,0,0,6.7,0
Burkina Faso,2010,0,0,0,0,0,0,0,6.1,0
Burundi,1980,0,0,0,0,0,0,0,1.2,0
Burundi,1990,0,0,0,0,0,0,0,0,0.6
Burundi,2000,0,0,0,0,0,0,0.3,3.6,12
Burundi,2010,0,0,2.1,5.4,0,0,0,17.2,0
Cambodia,1980,0,0,0,0,0,0,0,0,0
Cambodia,1990,0,0,2.5,0,0,0,0,67.2,0
Cambodia,2000,0,0,1.9,0,0,0,0,45.5,0
Cambodia,2010,0,0,0,0,0,0,0,52.6,0
Cameroon,1970,0,0,0,0,0,0,0,0,0
Cameroon,1980,0,0,0,0,0,178.3,0,0.2,0
Cameroon,1990,0,0,0,0,0,0,0,3.2,0
Cameroon,2000,0,0,0,2,0,0,0,5.2,0
Cameroon,2010,0,0,0,5.4,0,0,0,4.5,0
Canada,1900,0,0,0,0,12.7,0,0,0,0
Canada,1910,0,7.3,2.8,11.8,0,0,0,0,0
Canada,1920,0,4.3,0,0,0,0,2.7,0,0
Canada,1930,50,0,0,0,0,0,0,0,0
Canada,1940,0,0,1.7,0,0,0,0,0,0
Canada,1950,0,0,8.9,0,0.3,0,0,0.1,0
Canada,1960,0,0,3.3,2.6,0,0,0,0,0
Canada,1970,0,0,2.4,0,3.1,0,0,0,0
Canada,1980,0,0.1,3.8,0,0,0,0,0.3,0
Canada,1990,0,0,3.8,0,0,0,0,2.5,0
Canada,2000,0,0.1,3.2,0,0,0,0,0.9,0
Canada,2010,8,0.1,0.3,0,0,0,0,1.2,0
Cape Verde,1900,0,0,0,0,0,0,0,0,1100
Cape Verde,1910,0,0,0,0,0,0,0,0,0
Cape Verde,1920,0,0,0,0,0,0,0,0,2400
Cape Verde,1930,0,0,0,0,0,0,0,0,0
Cape Verde,1940,0,0,0,0,0,0,0,0,5000
Cape Verde,1950,0,0,0,0,0,0,0,0,0
Cape Verde,1960,0,0,0,0,0,0,0,0,0
Cape Verde,1970,0,0,0,0,0,0,0,0,0
Cape Verde,1980,0,0,3.2,0,0,0,0,0,0
Cape Verde,1990,0,0,0,0,0,0,0,0,0
Cape Verde,2000,0,0,0,0,0,0,0,0.3,0
Cape Verde,2010,0,0,0.9,0,0,0,0,0,0
Cayman Islands,2000,0,0,0.2,0,0,0,0,0,0
Central African Republic,1970,0,0,0,0,0,0,0,0,0
Central African Republic,1980,0,0,0,0,0,0,0,0,0
Central African Republic,1990,0,0,0,0,0,0,0,0.7,0
Central African Republic,2000,0,0.1,0.6,0,0,0,0,0.6,0
Central African Republic,2010,0,0,0.2,0,0,0,0,0.3,0
Chad,1910,0,0,0,0,0,0,0,0,0
Chad,1920,0,0,0,0,0,0,0,0,0
Chad,1930,0,0,0,0,0,0,0,0,0
Chad,1940,0,0,0,0,0,0,0,0,0
Chad,1950,0,0,0,0,0,0,0,0,0
Chad,1960,0,0,0,0,0,0,0,0,0
Chad,1970,0,0,1.3,0,0,0,0,0,0
Chad,1980,0,0,1.1,0,0,0,0,4.3,300
Chad,1990,0,0,0,0,0,0,0,4.1,0
Chad,2000,0,0,1.4,0,0,0,0,17.3,0
Chad,2010,0,0,0,5.2,0,0,0,4.4,0
Chile,1900,0,0,0,0,0,0,2000,0,0
Chile,1910,0,0,0,0,0,0,0,0,0
Chile,1920,0,0,0,0,0,0,122,0,0
Chile,1930,0,0,0,0,0,0,3000,0,0
Chile,1940,0,0,0,0,0,10,5.5,0,0
Chile,1950,0,0,0,0,0,0,1.5,0,0
Chile,1960,0,0,5.8,2.6,0,0.4,640.4,60,0
Chile,1970,0,0,1.5,3,0,0,8.5,3.6,0
Chile,1980,0,0,14.3,3.2,0,0,18.9,17.1,0
Chile,1990,0.2,1,0.4,14.1,0,0.6,1.1,15.9,0
Chile,2000,0.6,0,4.7,0,0,0,2.3,7.4,0
Chile,2010,0,3.2,0.6,2.2,0,0,59,20.5,0
China,1900,0,0,0,0,0,0,1480.1,0,0
China,1910,0,0,5000,0,0,0,1291.2,10000,0
China,1920,0,0,10500,0,0,0,23102.4,0,350000
China,1930,0,0,0,50,0,0,2107.7,436000,0
China,1940,0,0,180,0,0,0,139.6,5733,0
China,1950,0,0,378.4,0,0,0,9.3,204004.7,0
China,1960,0,0,68.6,0,0,0,300,0,0
China,1970,0,0,10.7,0,0,0,27404.2,2000,0
China,1980,0.2,19.1,323.1,37.5,27.7,0,126.4,1418.7,140
China,1990,14.4,5.2,563.6,124.8,12.2,0,64,1792.5,200
China,2000,19.1,0,318,95.9,5.5,0,8794.7,578.1,13.4
China,2010,4.7,5.2,159.3,274.7,4.6,0,421.9,622.7,0
Colombia,1900,0,0,0,0,0,0,40,0,0
Colombia,1910,0,0,0,0,0,0,0,0,0
Colombia,1920,0,0,0,10,0,0,30,0,0
Colombia,1930,0,0,0,0,0,0,1.8,0,0
Colombia,1940,0,0,0,0,0,100,0,0,0
Colombia,1950,0,0,0,18.7,0,0,32.2,18.4,0
Colombia,1960,0,0,0,3.2,0,0,12.8,13.5,0
Colombia,1970,0,0,0,88.9,0,0,65,57.6,0
Colombia,1980,0,0,3.1,100.9,16,2180,26,45,0
Colombia,1990,0,0,0.2,29.8,7.5,1,152.7,23.4,0
Colombia,2000,0,0,0.5,25.6,1.2,1.6,1.4,103.1,0
Colombia,2010,0,4.2,1.1,68.9,0,0,0,97.5,0
Comoros,1900,0,0,0,0,0,1.7,0,0,0
Comoros,1910,0,0,0,0,0,0,0,0,0
Comoros,1920,0,0,0,0,0,0,0,0,0
Comoros,1930,0,0,0,0,0,0,0,0,0
Comoros,1940,0,0,0,0,0,0,0,0,0
Comoros,1950,0,0,50,0,0,0,0,0,0
Comoros,1960,0,0,0,0,0,0,0,0,0
Comoros,1970,0,0,0,0,0,0.1,0,0,0
Comoros,1980,0,0,5.9,0,0,0,0,0,0
Comoros,1990,0,0,0,0,0,0,0,0,0
Comoros,2000,0,0,0,0,0,0.1,0,0.2,0
Comoros,2010,0,0,0.8,0,0,0,0,0.4,0
Congo,1960,0,0,0,15.4,0,0,0,0,0
Congo,1970,0,0,0,0,0,0,0,0,0
Congo,1980,0,0,0,0,0,0,0,0,0
Congo,1990,0,0,0,0,0,0,0,0.2,0
Congo,2000,0,0,0,0,0,0,0,0.7,0
Congo,2010,0,0,0,0,0,0,0,1.9,0
Costa Rica,1910,0,0,0,0,0,0,245,0,0
Costa Rica,1920,0,0,0,0,0,0,0,0,0
Costa Rica,1930,0,0,0,0,0,0,0,0,0
Costa Rica,1940,0,0,0,0,0,0,0,0,0
Costa Rica,1950,0,0,0,0,0,0,3.9,0,0
Costa Rica,1960,0,0,0,0,0,10.2,0,0.7,0
Costa Rica,1970,0,0,0,0,0,0.2,2.1,2.4,0
Costa Rica,1980,0,0,2.8,0,0,0,1.2,0.8,0
Costa Rica,1990,0,0,6.2,0,0,0,5.1,2.7,0
Costa Rica,2000,0,0,0.5,0.7,0,0,4.1,4.4,0
Costa Rica,2010,0,0,2.2,0,0,0,0.2,3.8,0
Cote d'Ivoire,1980,0,0,0,0,0,0,0,0,0
Cote d'Ivoire,1990,0,0,0,0,0,0,0,2.8,0
Cote d'Ivoire,2000,0,0,0,2.7,0,0,0,0.6,0
Cote d'Ivoire,2010,0,0,0,0,0,0,0,14.7,0
Croatia,1990,0,0,0,0,0,0,0,0,0
Croatia,2000,83.3,1.3,0.2,0,0,0,0,0,0
Croatia,2010,0.7,0,0,0,0,0,0,0.4,0
Cuba,1920,0,0,60,0,0,0,0,0,0
Cuba,1930,0,0,253.5,0,0,0,0,0,0
Cuba,1940,0,0,1.4,0,0,0,0,0,0
Cuba,1950,0,0,0,0,0,0,0,0,0
Cuba,1960,0,0,175.5,0,0,0,0,0,0
Cuba,1970,0,0,2.6,0,0,0,0.1,0.7,0
Cuba,1980,0,0,3.1,0,0,0,0,3.8,0
Cuba,1990,0,0,1.9,0,0,0,0,6.5,0
Cuba,2000,0,0,4,0,0,0,0,0.4,0
Cuba,2010,0,0,3.7,0,0,0,0,0.7,0
Cyprus,1950,0,0,0,0,0,0,4,0,0
Cyprus,1960,0,0,0.3,0,0,0,0,0,0
Cyprus,1970,0,0,0,0,0,0,0,0,0
Cyprus,1980,0,0,0,0,0,0,0,0,0
Cyprus,1990,5.2,0,0,0,0,0,0.2,0,0
Cyprus,2000,0.9,0,0,0,0,0,0,0,0
Czechia,1990,0,0,0,0,0,0,0,3.6,0
Czechia,2000,43.3,0,1,0,0,0,0,3.8,0
Czechia,2010,4.7,0,0,0,0,0,0,2.6,0
Czechoslovakia,1970,0,0,0,1.4,0,0,0,0,0
Czechoslovakia,1980,0,0,0,1,0,0,0,0,0
Democratic Republic of Congo,1960,0,0,0,15.4,0,0,2.4,0,0
Democratic Republic of Congo,1970,0,0,0,0,0,14.7,0,0,0
Democratic Republic of Congo,1980,0,0,0,0,0,0,0,0,0
Democratic Republic of Congo,1990,0,0,0,0,0,0,0.9,6.4,0
Democratic Republic of Congo,2000,0,0,4.9,1.2,0,20,1.7,13.9,0
Democratic Republic of Congo,2010,0,1.1,0,26.8,0,0,0.3,45.3,0
Denmark,1970,0,0,0,0,0,0,0,0,0
Denmark,1980,0,0,1.1,0,0,0,0,0,0
Denmark,1990,0,0,0.8,0,0,0,0,0,0
Denmark,2000,0,0,0.5,0,0,0,0,0,0
Denmark,2010,0,0,0.2,0,0,0,0,0,0
Djibouti,1970,0,0,0,0,0,0,0,0,0
Djibouti,1980,0,0,0,0,0,0,0,3.5,0
Djibouti,1990,0,0,0,0,0,0,0,14.5,0
Djibouti,2000,0,0,0,0,0,0,0,5.1,0
Djibouti,2010,0,0,0.2,0,0,0,0,1.1,0
Dominica,1930,0,0,200,0,0,0,0,0,0
Dominica,1940,0,0,0,0,0,0,0,0,0
Dominica,1950,0,0,0,0,0,0,0,0,0
Dominica,1960,0,0,0,0,0,0,0,0,0
Dominica,1970,0,0,4,0,0,0,0,0,0
Dominica,1980,0,0,0.2,0,0,0,0,0,0
Dominica,1990,0,0,0.2,0,0,0,0,0,0
Dominica,2000,0,0,0.2,0,0,0,0,0,0
Dominica,2010,0,0,9.4,0,0,0,0,0,0
Dominican Republic,1930,0,0,200,0,0,0,0,0,0
Dominican Republic,1940,0,0,0,0,0,0,7.3,0,0
Dominican Republic,1950,0,0,0,0,0,0,0,0,0
Dominican Republic,1960,0,0,48.1,0,0,0,0,0,0
Dominican Republic,1970,0,0,140,0,0,0,0,3.2,0
Dominican Republic,1980,0,0,2.2,0,0,0,0,3.2,0
Dominican Republic,1990,0,0,38.2,0,0,0,0,4.3,0
Dominican Republic,2000,0,0,21.1,0,0,0,0.3,72.3,0
Dominican Republic,2010,0,0,2.6,0,0,0,0,2.9,0
Ecuador,1920,0,0,0,0,0,0,4,0,0
Ecuador,1930,0,0,0,19,0,0,0,0,0
Ecuador,1940,0,0,0,0,0,0,620,0,0
Ecuador,1950,0,0,0,0,0,0,0,12.1,0
Ecuador,1960,0,0,0,5,0,0,0,0,0
Ecuador,1970,0,0,0,10.5,0,0.1,4.9,2,0
Ecuador,1980,0,0,0,20,0,0,501,34.2,0
Ecuador,1990,0,0,0,46,0,0,3.7,26.7,0
Ecuador,2000,0,0,0,4.4,6,0.5,0,18.3,0
Ecuador,2010,0,0.5,0,3.3,0,0,67.6,7.8,0
Egypt,1920,0,0,0,0,0,0,1.2,0,0
Egypt,1930,0,0,0,0,0,0,0,0,0
Egypt,1940,0,0,0,0,0,0,0,0,0
Egypt,1950,0,0,0,0,0,0,2,0,0
Egypt,1960,0,0,0,0,0,0,0.2,0,0
Egypt,1970,0,0,0.3,0,0,0,0,6.5,0
Egypt,1980,0,0,3,0,0,0,0,0,0
Egypt,1990,5.4,0,1.8,0,3.4,0,56.2,62.4,0
Egypt,2000,0.3,0,1.3,0,9.8,0,0,1.8,0
Egypt,2010,11,0,8.8,0,0,0,0,2.7,0
El Salvador,1930,0,0,200,0,0,0,40,0,0
El Salvador,1940,0,0,0,0,0,0,0,0,0
El Salvador,1950,0,0,0,0,0,0,110,0,0
El Salvador,1960,0,0,0.2,0,0,0,12.5,0,0
El Salvador,1970,0,0,0,0,0,0,0,0,0
El Salvador,1980,0,0,0,2.2,0,0,112,54.3,0
El Salvador,1990,0,0,49.1,2.2,0,0,0,1.7,0
El Salvador,2000,0.1,0,34.5,0,0,0.2,116,8.3,0
El Salvador,2010,0,0,3.9,0,0,0,0.1,4,0
Eritrea,1990,0,0,0.3,0,0,0,0,0,0
Eritrea,2000,0,0,0,0,0,0,0,0,0
Estonia,2000,0.3,0,0,0,0,0,0,0,0
Estonia,2010,0.8,0,0,0,0,0,0,0,0
Eswatini,1980,0,0,5.3,0,0,0,0,0,50
Eswatini,1990,0,0,0,0,0,0,0,0,0
Eswatini,2000,0,0.2,0.1,0,0,0,0,0,0
Eswatini,2010,0,0,0,0,0,0,0,1.1,0
Ethiopia,1960,0,0,0,0,0,0,5.4,0.1,200
Ethiopia,1970,0,0,0,0,0,6.4,0,1.6,10000
Ethiopia,1980,0,0,0,0,0,0,0,5.4,30036.7
Ethiopia,1990,0,0,0,2.2,1.3,0,0,44.7,0
Ethiopia,2000,0,0,0,0.4,0,0.5,0,143.9,0
Ethiopia,2010,0,0,0,6.7,0,0,0,14.7,0
Europe,1900,0,0,0,0,0,70,7575.7,0.6,0
Europe,1910,0,0,0,0,0,0,3011.4,0,0
Europe,1920,0,0,8.8,12.8,0,0,181,100,0
Europe,1930,0,0,8.2,14.3,0,0,221.2,1,0
Europe,1940,0,8,24.7,2.5,0,2.6,104.7,0,0
Europe,1950,0,0,2.6,62.7,0,0,64.4,247.4,0
Europe,1960,1.2,2.5,13.1,221.1,0,0,146.2,110.7,0
Europe,1970,40,0,10.4,22.3,0,0.9,285.9,127.9,0
Europe,1980,122.2,9.3,28.4,20,0,0,483.7,66.9,0
Europe,1990,115.2,13.7,100.5,74.3,0,0,225.6,91.7,0
Europe,2000,8070.8,19.6,48.4,20.1,0,0,34.8,96.1,0.2
Europe,2010,6483.9,32.3,29.7,0.4,0.8,0,42.1,88.9,0
Fiji,1930,0,0,20,0,0,0,0,0,0
Fiji,1940,0,0,0.6,0,0,0,0,0,0
Fiji,1950,0,0,2.3,0,0,0,0,0,0
Fiji,1960,0,0,0.2,0,0,0,0,0.1,0
Fiji,1970,0,0,11.5,0,0,0,0,0,0
Fiji,1980,0,0,6.1,0,0,0,0,2.9,0
Fiji,1990,0,0,5.9,0,0,0,0,0,0
Fiji,2000,0,0,4.4,0,0,0,0,2.6,0
Fiji,2010,0,0,5.9,0,0,0,0,1.5,0
Finland,1990,0,0,0,0,0,0,0,0,0
Finland,2000,0,0,0,0,0,0,0,0,0
France,1900,0,0,0,0,0,0,4.6,0,0
France,1910,0,0,0,0,0,0,0,0,0
France,1920,0,0,0,2.8,0,0,0,0,0
France,1930,0,0,0,7,0,0,0,0,0
France,1940,0,8,0,0,0,0,0,0,0
France,1950,0,0,0,0,0,0,0,3.5,0
France,1960,0,0,2.8,2.1,0,0,0.1,0,0
France,1970,0,0,0,11.4,0,0,1.1,2.9,0
France,1980,0,2.5,4,3,0,0,0,5.7,0
France,1990,4.8,0,22.5,3.4,0,0,0,6,0
France,2000,2089.3,0.7,6.8,0,0,0,0,4.4,0
France,2010,472.8,0,8.2,0,0,0,0,9.5,0
French Guiana,1990,0,0,0,0,0,0,0,0,0
French Guiana,2000,0,0,0,1,0,0,0,0,0
French Guiana,2010,0,0,0,0,0,0,0,0,0
French Polynesia,1950,0,0,0,0,0,0,0,0,0
French Polynesia,1960,0,0,0,0,0,0,0,0,0
French Polynesia,1970,0,0,0,0,0,0,0,0,0
French Polynesia,1980,0,0,0.7,1,0,0,0,0,0
French Polynesia,1990,0,0,0,1.3,0,0,0,0,0
French Polynesia,2000,0,0,0,0,0,0,0,0,0
French Polynesia,2010,0,0,0.1,0,0,0,0,0,0
Gabon,1980,0,0,0,0,0,0,0,0,0
Gabon,1990,0,0,0,0,0,0,0,0,0
Gabon,2000,0,0,0,0,0,0,0,0,0
Gabon,2010,0,0,0,0,0,0,0,0.1,0
Gambia,1910,0,0,0,0,0,0,0,0,0
Gambia,1920,0,0,0,0,0,0,0,0,0
Gambia,1930,0,0,0,0,0,0,0,0,0
Gambia,1940,0,0,0,0,0,0,0,0,0
Gambia,1950,0,0,0,0,0,0,0,0,0
Gambia,1960,0,0,0,0,0,0,0,0,0
Gambia,1970,0,0,0,0,0,0,0,0,0
Gambia,1980,0,0,0,0,0,0,0,0,0
Gambia,1990,0,0,0,0,0,0,0,5.3,0
Gambia,2000,0,0,0.5,0,0,0,0,0.6,0
Gambia,2010,0,0,0.4,0,0,0,0,1.7,0
Georgia,1990,0,0,0,0,0,0,0.9,0.8,0
Georgia,2000,0,0,0,0,0,0,0.6,0.1,0
Georgia,2010,0,0,0,0,0,0,0,5.2,0
Germany,1990,3,0,10.7,0.5,0,0,0.1,1.4,0
Germany,2000,938.3,0,8.5,0,0,0,0,2.9,0
Germany,2010,1.1,0,3,0,0,0,0,1.8,0
Ghana,1930,0,0,0,0,0,0,2.2,0,0
Ghana,1940,0,0,0,0,0,0,0,0,0
Ghana,1950,0,0,0,0,0,0,0,0,0
Ghana,1960,0,0,0,0,0,0,0,0,0
Ghana,1970,0,0,0,0,0,0,0,0,0
Ghana,1980,0,0.4,0,0,0,0,0,0.7,0
Ghana,1990,0,0,0,0,0,0,0,20.2,0
Ghana,2000,0,0,0,0,0,0,0,11.2,0
Ghana,2010,0,0,2,0,0,0,0,18.9,0
Greece,1900,0,0,0,0,0,0,0.4,0,0
Greece,1910,0,0,0,0,0,0,1.4,0,0
Greece,1920,0,0,0,0,0,0,10.3,0,0
Greece,1930,0,0,2.2,0,0,0,15.1,0,0
Greece,1940,0,0,0,0,0,0,0.5,0,0
Greece,1950,0,0,0,0,0,0,59.3,0,0
Greece,1960,0,0,4.3,0,0,0,10,0,0
Greece,1970,0,0,0,0,0,0,5,4.2,0
Greece,1980,107.6,1.5,4.8,0,0,0,4.5,0,0
Greece,1990,0.5,1.4,0.3,0,0,0,19.7,2.6,0
Greece,2000,4.3,7.7,0.5,0,0,0,0.2,1.5,0
Greece,2010,0.5,10,0.7,0,0,0,0.6,3.2,0
Grenada,1960,0,0,0.6,0,0,0,0,0,0
Grenada,1970,0,0,0,0,0,0,0,0,0
Grenada,1980,0,0,0,0,0,0,0,0,0
Grenada,1990,0,0,0,0,0,0,0,0,0
Grenada,2000,0,0,3.9,0,0,0,0,0,0
Grenada,2010,0,0,0,0,0,0,0,0,0
Guadeloupe,1920,0,0,200,0,0,0,0,0,0
Guadeloupe,1930,0,0,0,0,0,0,0,0,0
Guadeloupe,1940,0,0,0,0,0,0,0,0,0
Guadeloupe,1950,0,0,0,0,0,0,0,0,0
Guadeloupe,1960,0,0,3.9,0,0,0,0,0,0
Guadeloupe,1970,0,0,0,0,0,0,0,0,0
Guadeloupe,1980,0,0,0.5,0,0,0,0,0,0
Guadeloupe,1990,0,0,0.4,0,0,0,0,0,0
Guadeloupe,2000,0,0,0,0,0,0,0.1,0,0
Guadeloupe,2010,0,0,0.4,0,0,0,0,0,0
Guam,1960,0,0,0.6,0,0,0,0,0,0
Guam,1970,0,0,0.9,0,0,0,0,0,0
Guam,1980,0,0,0,0,0,0,0,0,0
Guam,1990,0,0,0.1,0,0,0,0,0,0
Guam,2000,0,0,0.2,0,0,0,0,0,0
Guatemala,1900,0,0,0,0,0,700,200,0,0
Guatemala,1910,0,0,0,0,0,0,265,0,0
Guatemala,1920,0,0,0,0,0,0,0,0,0
Guatemala,1930,0,0,0,0,0,0,0,0,0
Guatemala,1940,0,0,0,0,0,0,0,4000,0
Guatemala,1950,0,0,0,0,0,0,0,0,0
Guatemala,1960,0,0,26.9,0,0,0,0,0,0
Guatemala,1970,0,0,0,0,0,0,2300,0.5,0
Guatemala,1980,0,0,0,0,0,0,0.5,71.4,0
Guatemala,1990,0,0,38.4,5.1,2.3,0,1.6,5.3,0
Guatemala,2000,0.6,0,154,18.7,3.6,0,0.6,7.7,4.1
Guatemala,2010,0,0,19.6,44,0,46.1,4.9,7,0
Guinea,1980,0,0,0,0,0,0,27.5,0,0
Guinea,1990,0,0,0,0,0,0,0,0,1.2
Guinea,2000,0,0,0.4,0,0,0,0,1.1,0
Guinea,2010,0,0,0,0.7,0,0,0,1.7,0
Guinea-Bissau,1910,0,0,0,0,0,0,0,0,0
Guinea-Bissau,1920,0,0,0,0,0,0,0,0,0
Guinea-Bissau,1930,0,0,0,0,0,0,0,0,0
Guinea-Bissau,1940,0,0,0,0,0,0,0,0,0
Guinea-Bissau,1950,0,0,0,0,0,0,0,0,0
Guinea-Bissau,1960,0,0,0,0,0,0,0,0,0
Guinea-Bissau,1970,0,0,0,0,0,0,0,0,0
Guinea-Bissau,1980,0,0,0.1,0,0,0,0,0,0
Guinea-Bissau,1990,0,0.3,0,0,0,0,0,0,0
Guinea-Bissau,2000,0,0,0,0,0,0,0,0.3,0
Guinea-Bissau,2010,0,0,0.3,0,0,0,0,0.2,0
Guyana,1970,0,0,0,0,0,0,0,0,0
Guyana,1980,0,0,0,0,0,0,0,0,0
Guyana,1990,0,0,0,0,0,0,0,0,0
Guyana,2000,0,0,0,0,0,0,0,3.4,0
Guyana,2010,0,0,0,0,0,0,0,0,0
Haiti,1900,0,0,15,0,0,0,0,0,0
Haiti,1910,0,0,160,0,0,0,0,0,0
Haiti,1920,0,0,0,0,0,0,0,0,0
Haiti,1930,0,0,215,0,0,0,0,0,0
Haiti,1940,0,0,0,0,0,0,0,0,0
Haiti,1950,0,0,41,26.2,0,0,0.6,5,0
Haiti,1960,0,0,558,0,0,0,0,52.6,0
Haiti,1970,0,0,0.8,0,0,0,0,7.8,0
Haiti,1980,0,0,27.4,0,0,0,0,20.8,0
Haiti,1990,0,0,137.8,0,0,0,0,4.4,0
Haiti,2000,0,0,366.3,0,0,0,0,291,0
Haiti,2010,0,0,67.3,0,0,0,22258.7,24.4,0
High income,1900,0,0,1678.7,0,12.7,3085.5,9789.8,32.8,0
High income,1910,0,107.3,784.9,11.8,0,14,3063.7,137.9,0
High income,1920,0,4.3,964.2,32.8,0,14.4,14924.2,124.6,0
High income,1930,169.3,7.1,1732.2,34.3,0,0,4175.6,130.1,0
High income,1940,0,25,1117.1,2.5,0,12.6,1365.9,304.5,0
High income,1950,17.6,1.1,1650.4,84.3,0.3,17.9,83.5,843.5,0
High income,1960,42.4,9.9,617.8,256.2,0,0.4,729.1,461.6,60
High income,1970,43.2,0.3,333.3,91.1,3.1,1.2,291.6,388.6,0
High income,1980,278.6,18,461.5,71.4,0,9,535,219.3,0
High income,1990,180.6,13.5,381.3,75.8,0,8.2,817.5,223.2,0
High income,2000,7931.2,43.6,599.1,10.8,0,0,45,165.3,0
High income,2010,983.5,56.4,397.9,23.1,0.8,8.4,2130.1,168.5,0
Honduras,1930,0,0,150,0,0,0,0,0,0
Honduras,1940,0,0,0,0,0,0,0,0,0
Honduras,1950,0,0,0,0,0,0,0,0,0
Honduras,1960,0,0,27.5,0,0,0,0,0,0
Honduras,1970,0,0,800,280,0,0,0,2.1,0
Honduras,1980,0,0,13,0,1,0,0,1.9,0
Honduras,1990,0,0,1461.9,0,0,0,0,62.4,0
Honduras,2000,0,0,7.5,0,0,0,0.7,10.6,0
Honduras,2010,0,0,2.6,0,0,0,0,18.9,0
Hong Kong,1900,0,0,1000,0,0,0,0,0,0
Hong Kong,1910,0,0,0,0,0,0,0,0,0
Hong Kong,1920,0,0,10,0,0,0,0,0,0
Hong Kong,1930,0,0,1100,0,0,0,0,0,0
Hong Kong,1940,0,0,200,0,0,0,0,0,0
Hong Kong,1950,0,0,5.1,0,0,0,0,0,0
Hong Kong,1960,0,0,32.5,8.6,0,0,0,8,0
Hong Kong,1970,0,0,18,10,0,0,0,14.1,0
Hong Kong,1980,1,0,4.5,2.5,0,0,0,0.5,0
Hong Kong,1990,0,0,3.4,0.1,0,0,0,8.6,0
Hong Kong,2000,0,0,0.6,0,0,0,0,0,0
Hong Kong,2010,0,0,0.1,0,0,0,0,0,0
Hungary,1970,0,0,0,0,0,0,0,30,0
Hungary,1980,0,0,0.4,0,0,0,0,0,0
Hungary,1990,0,0,4,0,0,0,0,0.8,0
Hungary,2000,64.6,0,1.6,0,0,0,0,0.1,0
Hungary,2010,19.5,0,0,0,0,0,0,0.1,0
Iceland,1970,0,0,0,1.2,0,0,0.1,0,0
Iceland,1980,0,0,0,0.4,0,0,0,0,0
Iceland,1990,0,0,0,3.4,0,0,0,0,0
Iceland,2000,0,0,0,0,0,0,0,0,0
Iceland,2010,0,0,0,0,0,0,0,0,0
India,1900,0,0,0,0,0,0,2000,0,125000
India,1910,0,0,30,0,0,0,0,0,0
India,1920,0,0,200.7,0,0,0,0,3.6,0
India,1930,0,0,6033.3,0,0,0,0,0,0
India,1940,0,0,4630.4,50,0,0,0,0,150000
India,1950,105.1,0,296,10.9,0,0,161.3,118.8,0
India,1960,50,0,265.2,100,0,0,19.2,1069.8,150000
India,1970,81.1,0,2635,33.6,0,0,7.3,838.3,0
India,1980,212.4,0,390.9,91.6,4.5,0,42.1,1235.1,30
India,1990,403.9,0.6,1809.1,122.3,0,0,1139.1,1323.1,0
India,2000,501.9,0,100.8,66.4,0,0,3770.5,1366.6,2
India,2010,443.1,2.4,273.5,28.7,1.6,0,22.1,1393.6,0
Indonesia,1910,0,0,0,0,0,500,1515.8,0,0
Indonesia,1920,0,0,0,0,0,0,96.5,0,0
Indonesia,1930,0,0,0,0,0,266.9,3.2,0,0
Indonesia,1940,0,0,0,0,0,0,21.3,0,0
Indonesia,1950,0,0,30,40.5,0,133.7,2.4,11.4,0
Indonesia,1960,0,0,0,0,0,277.8,47.4,34.8,800
Indonesia,1970,0,0,168.6,2.3,0,29.7,195.2,50.1,6.3
Indonesia,1980,0,0,0.2,44.5,13.1,22.9,57.8,132.6,59.4
Indonesia,1990,0,30,0,22,0,13.3,332.1,79.3,67.2
Indonesia,2000,0,0,0.4,102.6,0,0.2,17492.1,279,0
Indonesia,2010,0,1.9,3.2,55.8,0,81.8,551.2,122.8,1.1
Iran,1900,0,0,0,0,0,0,535,0,0
Iran,1910,0,0,0,0,0,0,70,0,0
Iran,1920,0,0,0,0,0,0,640,0,0
Iran,1930,0,0,0,0,0,0,319.2,0,0
Iran,1940,0,0,0,0,0,0,137,0,0
Iran,1950,15.8,0,0,0,0,0,708.6,413.1,0
Iran,1960,0,0,0,0,0,0,2334.8,9.2,0
Iran,1970,0,0,7.4,4.3,0,0,3197.3,0,0
Iran,1980,0,0,20,0,0,0,338.8,153.4,0
Iran,1990,0,0,3.1,5.3,0,0,4287.5,126.6,0
Iran,2000,0,0,4.3,2,0,0,2775.7,74.4,0
Iran,2010,0,0,0.4,0,0,0,82.7,24.1,0
Iraq,1950,0,0,0,0,0,0,0,0,0
Iraq,1960,0,0,0,0,0,0,0,0,0
Iraq,1970,0,0,0,0,0,0,0,0,0
Iraq,1980,0,0,0,0,0,0,0,0,0
Iraq,1990,0,0,0,0,0,0,2,0,0
Iraq,2000,0,0,0,0,0,0,0,2.6,0
Iraq,2010,0,0,0,0,0,0,1,11,0
Ireland,1980,0,0,2.1,0,0,0,0,0,0
Ireland,1990,0,0,1.4,0,0,0,0,0.3,0
Ireland,2000,0,0,0.1,0,0,0,0,0,0
Ireland,2010,0,0,0.4,0,0,0,0,0.2,0
Israel,1900,0,0,0,0,0,0,2,0,0
Israel,1910,0,0,0,0,0,0,0,0,0
Israel,1920,0,0,0,0,0,0,0,0,0
Israel,1930,0,0,0,0,0,0,0,0,0
Israel,1940,0,0,0,0,0,0,0,0,0
Israel,1950,0,0,0,0,0,0,0,0,0
Israel,1960,0,0,0,0,0,0,0,0,0
Israel,1970,0,0,0,2,0,0,0,0,0
Israel,1980,0,0,0,0,0,0,0,0,0
Israel,1990,0,0,0.5,0,0,0,0,1.5,0
Israel,2000,0,0,0.3,0,0,0,0,0,0
Israel,2010,0,4.4,0.4,0,0,0,0,1.4,0
Italy,1900,0,0,0,0,0,70,7555.7,0,0
Italy,1910,0,0,0,0,0,0,3010,0,0
Italy,1920,0,0,0,10,0,0,140,0,0
Italy,1930,0,0,0,0,0,0,191.1,1,0
Italy,1940,0,0,8,2.5,0,2.6,0,0,0
Italy,1950,0,0,0,29.7,0,0,0,26.3,0
Italy,1960,0,0,3.7,192.9,0,0,24,19.7,0
Italy,1970,0,0,7.4,1.2,0,0.9,98,6,0
Italy,1980,0,0.7,3.3,5.7,0,0,470.5,33.1,0
Italy,1990,1,0.1,3.9,16.1,0,0,3.5,8.7,0
Italy,2000,2010.4,1.3,0.6,0.4,0,0,32.7,9.7,0
Italy,2010,5.9,0,3.8,0.3,0,0,35.2,6.6,0
Jamaica,1900,0,0,6.5,5.3,0,0,120,30,0
Jamaica,1910,0,0,19.9,0,0,0,0,0,0
Jamaica,1920,0,0,0.4,0,0,0,0,0,0
Jamaica,1930,0,0,1,0,4,0,0,16.4,0
Jamaica,1940,0,0,3.2,0,0,0,0,12.5,0
Jamaica,1950,0,0,15.4,0,0,0,0,0,0
Jamaica,1960,0,0,1.1,0,0,0,0,0,0
Jamaica,1970,0,0,0.6,0,0,0,0,4.4,0
Jamaica,1980,0,0,6.2,0,0,0,0,6.3,0
Jamaica,1990,0,0,0.4,0,0,0,0,2.4,0
Jamaica,2000,0,0,4.5,0,0,0,0,1,0
Jamaica,2010,0,0,1.6,0,0,0,0,0,0
Japan,1900,0,0,0,0,0,15.5,11.1,0,0
Japan,1910,0,0,500,0,0,14,10.6,137.9,0
Japan,1920,0,0,300,20,0,14.4,14644.4,0,0
Japan,1930,0,0,300.6,0,0,0,328.6,93.3,0
Japan,1940,0,0,761.2,0,0,0,1206,299,0
Japan,1950,0,0,1184.3,11.3,0,2.9,3.3,543.3,0
Japan,1960,0,0,150.3,10.8,0,0,22,119.5,0
Japan,1970,0,0,91.6,12.7,0,0.3,8.3,49.4,0
Japan,1980,0,0,65.2,29.2,0,0,23.7,41.6,0
Japan,1990,0,0,35.1,11.8,0,4.4,554.5,10.3,0
Japan,2000,13.5,0,44.6,4.4,0,0,8.1,11.3,0
Japan,2010,91.3,0,58.9,8.2,0,6.3,1995.2,37.5,0
Jordan,1920,0,0,0,0,0,0,26.8,0,0
Jordan,1930,0,0,0,0,0,0,0,0,0
Jordan,1940,0,0,0,0,0,0,0,0,0
Jordan,1950,0,0,0,0,0,0,0,0,0
Jordan,1960,0,0,0,0,0,0,0,29.2,0
Jordan,1970,0,0,0,0,0,0,0,0,0
Jordan,1980,0,0,0,0,0,0,0,0.9,0
Jordan,1990,1.5,0,0.2,0,0,0,0,1,0
Jordan,2000,0,0,1.4,0,0,0,0,0,0
Jordan,2010,0,0,0,0,0,0,0,3.4,0
Kazakhstan,1910,0,0,0,0,0,0,45,0,0
Kazakhstan,1920,0,0,0,0,0,0,0,0,0
Kazakhstan,1930,0,0,0,0,0,0,0,0,0
Kazakhstan,1940,0,0,0,0,0,0,0,0,0
Kazakhstan,1950,0,0,0,0,0,0,0,0,0
Kazakhstan,1960,0,0,0,0,0,0,0,0,0
Kazakhstan,1970,0,0,0,0,0,0,0,0,0
Kazakhstan,1980,0,0,0,0,0,0,0,0,0
Kazakhstan,1990,0,0,11.2,0,0,0,0,1,0
Kazakhstan,2000,0.3,0,0,4.8,0,0,0.3,0.1,0
Kazakhstan,2010,0,0,0,0,0,0,0,5.3,0
Kenya,1960,0,0,0,0,0,0,0,0,0
Kenya,1970,0,0,0,0,0,0,0,10,0
Kenya,1980,0,0,5,0,0,0,0,7.5,0
Kenya,1990,0,0,0,0,0,0,0,17,8.5
Kenya,2000,0,0,0,4.6,0,0,0.1,55.1,11.1
Kenya,2010,0,0,0,10.7,0,0,0,85.8,0
Kiribati,1970,0,0,0.3,0,0,0,0,0,0
Kiribati,1980,0,0,0,0,0,0,0,0,0
Kiribati,1990,0,0,0,0,0,0,0,0,0
Kiribati,2000,0,0,0,0,0,0,0,0,0
Kiribati,2010,0,0,0,0,0,0,0,0,0
Kuwait,1990,0,0,0,0,0,0,0,0.2,0
Kuwait,2000,0,0,0,0,0,0,0,0,0
Kuwait,2010,0,0,0,0,0,0,0,0.1,0
Kyrgyzstan,1990,0,0,0,16.2,0,0,5.8,0.1,0
Kyrgyzstan,2000,1.1,0,0.4,8.7,0,0,7.4,0.3,0
Kyrgyzstan,2010,1.6,0,0,2.4,0,0,0,0,0
Laos,1960,0,0,0,0,0,0,0,30.2,0
Laos,1970,0,0,0,0,0,0,0,4.5,0
Laos,1980,0,0,0,0,0,0,0,1.4,0
Laos,1990,0,0,5.6,0,0,0,0,4,0
Laos,2000,0,0,1.6,0,0,0,0,3.3,0
Laos,2010,0,0,0,0,0,0,0,23.5,0
Latvia,1990,0,0,0.6,0,0,0,0,0,0
Latvia,2000,7.6,0,0,0,0,0,0,0,0
Latvia,2010,1,0,0,0,0,0,0,0,0
Lebanon,1950,0,0,0,0,0,0,13.6,44,0
Lebanon,1960,0,0,0,0,0,0,0,0,0
Lebanon,1970,0,0,0,0,0,0,0,0,0
Lebanon,1980,0,0,0,0,2,0,0,0,0
Lebanon,1990,0,0,2.5,0,0,0,0,0,0
Lebanon,2000,0,0.1,0,0,0,0,0,0,0
Lebanon,2010,0,0,2.3,0,0,0,0,0,0
Lesotho,1960,0,0,0,0,0,0,0,0,0
Lesotho,1970,0,0,0,0,0,0,0,0,0
Lesotho,1980,0,0,0,0,0,0,0,1.8,0
Lesotho,1990,0,0,0,0,0,0,0,2.2,0
Lesotho,2000,0,0,0.1,0,0,0,0,0,0
Lesotho,2010,0,0,0,0,0,0,0,2.6,0
Liberia,1980,0,0,0,0,4.6,0,0,0,0
Liberia,1990,0,0,0,0,0,0,0,1,0
Liberia,2000,0,0,0,0,0,0,0,0.3,0
Liberia,2010,0,0,0,0,0,0,0,0.1,0
Libya,1960,0,0,0,0,0,0,30,0,0
Libya,1970,0,0,0,0,0,0,0,0,0
Libya,1980,0,0,0,0,0,0,0,0,0
Libya,1990,0,0,0,0,0,0,0,0,0
Libya,2000,0,0,0,0,0,0,0,0,0
Libya,2010,0,0,0,0,0,0,0,2,0
Lithuania,1990,3.2,0,0.8,0,0,0,0,0,0
Lithuania,2000,2,0,0,0,0,0,0,0,0
Lithuania,2010,4,0,0,0,0,0,0,0.4,0
Low income,1900,0,0,15,0,0,0,0,0,0
Low income,1910,0,0,160,0,0,0,9,0,8500
Low income,1920,0,0,0,0,0,0,0,0,0
Low income,1930,0,0,215,0,0,0,17.5,0,0
Low income,1940,0,0,0,0,0,0,0,0,0
Low income,1950,0,0,51.7,26.2,0,0,210.6,10.1,0
Low income,1960,0,0,569,15.4,0,0,18.2,83.4,205
Low income,1970,0,0,29.3,10,0,21.1,6.1,129,11900
Low income,1980,0,0,100.9,7,4.6,0,79.7,89.2,55445.4
Low income,1990,22.4,5,212.2,116.7,2.5,0,745.5,832.3,15.4
Low income,2000,166.5,5,525.4,30.6,0,21.1,166,968.1,75.6
Low income,2010,6.2,6.1,271.9,313.1,0,0,22281.5,625.6,2000
Lower middle income,1900,0,0,101.2,0,0,1.7,2033.1,0,126100
Lower middle income,1910,0,0,30,0,0,133.5,11.2,0,0
Lower middle income,1920,0,0,471.9,0,0,0,2.9,303.6,2400
Lower middle income,1930,0,0,6611.8,0,0,50.6,6305.9,0,0
Lower middle income,1940,0,0,11413.7,50,0,0,436.3,0,345000
Lower middle income,1950,116.2,0,793.3,15.7,0,358.4,912.1,512.5,0
Lower middle income,1960,50,0,11636,119.4,15,35.8,1278.6,2380.3,150000
Lower middle income,1970,89.5,0.2,34904.5,372.6,0,0.1,2116.9,4210.7,1.8
Lower middle income,1980,229.4,1.2,3474.9,156.4,56.2,178.3,536.1,2441.2,80
Lower middle income,1990,559.6,14.6,19608.1,273.5,3.5,72.9,1768.5,3073.1,29.6
Lower middle income,2000,798.8,1,15517.5,401.3,11.9,0.3,15101.5,2745.3,19.1
Lower middle income,2010,677.3,3.6,1811.2,199,4.6,0,1079.6,2872.6,10.1
Luxembourg,1980,0,0,0,0,0,0,0,0,0
Luxembourg,1990,0,0,0,0,0,0,0,0,0
Luxembourg,2000,17,0,0,0,0,0,0,0,0
Luxembourg,2010,0,0,0,0,0,0,0,0,0
Macao,1990,0,0,0,0,0,0,0,0,0
Macao,2000,0,0,0,0,0,0,0,0,0
Macao,2010,0,0,1,0,0,0,0,0,0
Madagascar,1960,0,0,11,0,0,0,0,0,0
Madagascar,1970,0,0,26.4,0,0,0,0,0,0
Madagascar,1980,0,0,45.4,0,0,0,0,0,20
Madagascar,1990,0,0,43.1,0,0,0,0,0,0
Madagascar,2000,0,0,95.8,0,0,0,0,5.2,0
Madagascar,2010,0,0,61.3,0,0,0,0,3.5,0
Malawi,1960,0,0,0,0,0,0,0,0,0
Malawi,1970,0,0,0,0,0,0,0,0,0
Malawi,1980,0,0,0,0,0,0,0.9,1.3,0
Malawi,1990,0,0,0,0,0,0,0,47.7,0
Malawi,2000,0,0,1.1,0,0,0,0.4,9.1,50
Malawi,2010,0,0,0.5,0.8,0,0,0,36.6,0
Malaysia,1960,0,0,2.1,0,0,0,0,5.6,0
Malaysia,1970,0,0,0,0,0,0,0,6.1,0
Malaysia,1980,0,0,0,0,0,0,0,5.1,0
Malaysia,1990,0,0,27.2,7,7.2,0,0,3.1,0
Malaysia,2000,0,0,0.3,1,0,0,8,11.2,0
Malaysia,2010,0,0,0,1.6,0,0,2.4,3.7,0
Maldives,1980,0,0,0,0,0,0,0,0,0
Maldives,1990,0,0,0,0,0,0,0,0,0
Maldives,2000,0,0,0,0,0,0,10.2,0,0
Maldives,2010,0,0,0,0,0,0,0,0,0
Mali,1910,0,0,0,0,0,0,0,0,0
Mali,1920,0,0,0,0,0,0,0,0,0
Mali,1930,0,0,0,0,0,0,0,0,0
Mali,1940,0,0,0,0,0,0,0,0,0
Mali,1950,0,0,0,0,0,0,0,0,0
Mali,1960,0,0,0,0,0,0,0,0,0
Mali,1970,0,0,0,0,0,0,0,0,0
Mali,1980,0,0,0,0,0,0,0,1.8,0
Mali,1990,0,0,0,0,0,0,0,0.5,0
Mali,2000,0,0,0,0,0,0,0,6.3,0
Mali,2010,0,0,0,0,0,0,0,7.1,0
Marshall Islands,1990,0,0,0,0,0,0,0,0,0
Marshall Islands,2000,0,0,0,0,0,0,0,0,0
Marshall Islands,2010,0,0,0,0,0,0,0,0,0
Martinique,1900,0,0,0,0,0,3000,0,0,0
Martinique,1910,0,0,0,0,0,0,0,0,0
Martinique,1920,0,0,0,0,0,0,0,0,0
Martinique,1930,0,0,0,0,0,0,0,0,0
Martinique,1940,0,0,0,0,0,0,0,0,0
Martinique,1950,0,0,0,0,0,0,0,0,0
Martinique,1960,0,0,2.5,0,0,0,0,0,0
Martinique,1970,0,0,4.5,0,0,0,0,0,0
Martinique,1980,0,0,0,0,0,0,0,0,0
Martinique,1990,0,0,1,0,0,0,0,0,0
Martinique,2000,0,0,0.1,0,0,0,0.1,0,0
Martinique,2010,0,0,0.1,0,0,0,0,0,0
Mauritania,1910,0,0,0,0,0,0,0,0,0
Mauritania,1920,0,0,0,0,0,0,0,0,0
Mauritania,1930,0,0,0,0,0,0,0,0,0
Mauritania,1940,0,0,0,0,0,0,0,0,0
Mauritania,1950,0,0,0,0,0,0,0,0,0
Mauritania,1960,0,0,0,0,0,0,0,0,0
Mauritania,1970,0,0,0,0,0,0,0,0,0
Mauritania,1980,0,0,0,0,0,0,0,0,0
Mauritania,1990,0,0,0.5,0,0,0,0,0,0
Mauritania,2000,0,0,0,0,0,0,0,4.5,0
Mauritania,2010,0,0,1.8,0,0,0,0,1.1,0
Mauritius,1960,0,0,4.2,0,0,0,0,0,0
Mauritius,1970,0,0,1.6,0,0,0,0,0,0
Mauritius,1980,0,0,0.2,0,0,0,0,0,0
Mauritius,1990,0,0,0.5,0,0,0,0,0,0
Mauritius,2000,0,0,0.5,0,0,0,0,0,0
Mauritius,2010,0,0,0,0,0,0,0,1.1,0
Mexico,1910,0,0,0,0,0,0,4.5,0,0
Mexico,1920,0,6,0,0,0,0,64.8,0,0
Mexico,1930,0,0,0,0,0,0,43.4,0,0
Mexico,1940,0,0,0,0,0,100,0,0,0
Mexico,1950,0,0,181,10,0,0,18.5,214,0
Mexico,1960,9,0,61.9,1.8,0,0,7.8,2.7,0
Mexico,1970,0,0,78.9,0,0,0,57,20.8,0
Mexico,1980,2.3,0,89.2,5,0,10,959.4,20.5,0
Mexico,1990,91.6,5,78.4,2.4,0,2,11.1,121.9,0
Mexico,2000,15.6,0,14.4,6.9,0,0,2.9,34.4,0
Mexico,2010,0.3,0,49.4,7.1,0,0,47.6,21.5,0
Micronesia,1980,0,0,0.5,0,0,0,0,0,0
Micronesia,1990,0,0,0,0,0,0,0,0,0
Micronesia,2000,0,0,4.8,0,0,0,0,0,0
Micronesia,2010,0,0,0.5,0,0,0,0,0,0
Moldova,1990,0,0,0.3,0,0,0,0,5.6,0
Moldova,2000,1.3,0,0,0,0,0,0,0.4,0.2
Moldova,2010,1,0,0,0,0,0,0,0.1,0
Mongolia,1950,0,0,0,0,0,0,120,0,0
Mongolia,1960,0,0,0,0,0,0,0,5.7,0
Mongolia,1970,0,0,0,0,0,0,0,0,0
Mongolia,1980,0,0,0,0,0,0,0,0,0
Mongolia,1990,0,2.5,4.9,0,0,0,0,4.6,0
Mongolia,2000,0.5,0,9.4,0,0,0,0,4.1,0
Mongolia,2010,0,0,0,1.7,0,0,0,1.2,0
Montenegro,2000,0,0,0,0,0,0,0,0,0
Montenegro,2010,0.1,0,0,0,0,0,0,0,0
Montserrat,1920,0,0,0,0,0,0,0,0,0
Montserrat,1930,0,0,0,0,0,0,0,0,0
Montserrat,1940,0,0,0,0,0,0,0,0,0
Montserrat,1950,0,0,0,0,0,0,0,0,0
Montserrat,1960,0,0,0,0,0,0,0,0,0
Montserrat,1970,0,0,0,0,0,0,0,0,0
Montserrat,1980,0,0,1.1,0,0,0,0,0,0
Montserrat,1990,0,0,0,0,0,3.2,0,0,0
Montserrat,2000,0,0,0,0,0,0,0,0,0
Morocco,1900,0,0,0,0,0,0,10,0,0
Morocco,1910,0,0,0,0,0,0,0,0,0
Morocco,1920,0,0,0,0,0,0,0,0,0
Morocco,1930,0,0,0,0,0,0,0,0,0
Morocco,1940,0,0,0,0,0,0,0,0,0
Morocco,1950,0,0,0,0,0,0,0,16.1,0
Morocco,1960,0,0,0,0,0,0,1201.1,32,0
Morocco,1970,0,0,0,0,0,0,0,3.7,0
Morocco,1980,0,0,0,0.1,3.1,0,0,0,0
Morocco,1990,0,0,1.4,0,0,0,0,87.6,0
Morocco,2000,0,0,0.1,0,0,0,62.8,22.1,0
Morocco,2010,0,0,4.9,1.5,0,0,0,7.7,0
Mozambique,1950,0,0,10.7,0,0,0,0,0,0
Mozambique,1960,0,0,0,0,0,0,0,0,0
Mozambique,1970,0,0,0.7,0,0,0,0,84.1,0
Mozambique,1980,0,0,20.9,0,0,0,0,1,10005
Mozambique,1990,0,0,25.1,8.7,0,0,0,5.8,0
Mozambique,2000,0,4.9,6.5,0,0,0,0.4,101.2,1.8
Mozambique,2010,0,0,71.2,1.7,0,0,0,44.7,0
Myanmar,1900,0,0,60,0,0,0,0,0,0
Myanmar,1910,0,0,0,0,0,0,0,0,0
Myanmar,1920,0,0,270.6,0,0,0,0,0,0
Myanmar,1930,0,0,100,0,0,0,58.6,0,0
Myanmar,1940,0,0,0,0,0,0,1.5,0,0
Myanmar,1950,0,0,0,0,0,0,0,0,0
Myanmar,1960,0,0,144.8,0,0,0,0,3.4,0
Myanmar,1970,0,0,20,0,0,0,0,9.3,0
Myanmar,1980,0,0.8,1.1,0,0,0,0,0,0
Myanmar,1990,0,0,1.7,0,0,0,0,16.9,0
Myanmar,2000,0,0,13863.6,4.1,0,0,7.1,10.2,0
Myanmar,2010,0,0,8,19.2,1.7,0,11.6,50.4,0
Namibia,1980,0,0,0,0,0,0,0,0,0
Namibia,1990,0,0,0,0,0,0,0,0,0
Namibia,2000,0,0,0,0,0,0,0,14.8,0
Namibia,2010,0,0,0,0,0,0,0,11.6,0
Nepal,1950,0,0,0,0,0,0,0,6,0
Nepal,1960,0,0,0,0,15,0,8,27.6,0
Nepal,1970,0,0,0,40.1,0,0,0,48,0
Nepal,1980,0,0,7.1,17.6,0,0,80.9,151.1,0
Nepal,1990,0,8.8,2.6,22.8,0,0,0,253.7,0
Nepal,2000,12.6,0,0,80.1,0,0,0,106.5,0
Nepal,2010,14.1,1.1,11.1,28.8,0,0,897.6,132.3,0
Netherlands,1950,0,0,0,0,0,0,0,200,0
Netherlands,1960,0,0,0,0,0,0,0,0,0
Netherlands,1970,0,0,0,0,0,0,0,0,0
Netherlands,1980,0,0,0,0,0,0,0,0,0
Netherlands,1990,0,0,2.3,0,0,0,0,0.1,0
Netherlands,2000,196.5,0,1.1,0,0,0,0,0,0
Netherlands,2010,40.1,0,0.5,0,0,0,0,0,0
Netherlands Antilles,1950,0,0,0,0,0,0,0,0,0
Netherlands Antilles,1960,0,0,0,0,0,0,0,0,0
Netherlands Antilles,1970,0,0,0,0,0,0,0,0,0
Netherlands Antilles,1980,0,0,1.1,0,0,0,0,0,0
Netherlands Antilles,1990,0,0,0.2,0,0,0,0,0,0
New Caledonia,1930,0,0,0.3,0,0,0,0,0,0
New Caledonia,1940,0,0,0.2,0,0,0,0,0,0
New Caledonia,1950,0,0,0.4,0,0,0,0,0,0
New Caledonia,1960,0,0,0,0,0,0,0,0,0
New Caledonia,1970,0,0,0.3,0,0,0,0,0,0
New Caledonia,1980,0,0,0.6,0,0,0,0,0,0
New Caledonia,1990,0,0,0,0,0,0,0,0,0
New Caledonia,2000,0,0,0.2,0,0,0,0,0,0
New Zealand,1910,0,0,0,0,0,0,0,0,0
New Zealand,1920,0,0,0,0,0,0,1.7,0,0
New Zealand,1930,0,0,0,0,0,0,25.6,2.1,0
New Zealand,1940,0,0,0,0,0,0,0,0,0
New Zealand,1950,0,0,0,0,0,15,0,0,0
New Zealand,1960,0,0,5,0,0,0,0.3,0,0
New Zealand,1970,0,0,0,0,0,0,0,0,0
New Zealand,1980,0,0,1.1,0,0,0,0.1,0.6,0
New Zealand,1990,0,0,2.4,0,0,0,0,0,0
New Zealand,2000,0,0,0.3,0,0,0,0,0.4,0
New Zealand,2010,0,0,0.3,0,0,2.1,18.4,0.1,0
Nicaragua,1930,0,0,0,0,0,0,200,0,0
Nicaragua,1940,0,0,0,0,0,0,0,0,0
Nicaragua,1950,0,0,0,0,0,0,50,0,0
Nicaragua,1960,0,0,0,0,0,0,0,32.5,0
Nicaragua,1970,0,0,3.5,0,0,0,1000,1.6,0
Nicaragua,1980,0,0,20.1,0,0,0,0,0,0
Nicaragua,1990,0,0,345.1,0,0,0.1,17.9,1.5,0
Nicaragua,2000,0,0,22.8,2.9,0,0,0.7,2.7,0
Nicaragua,2010,0,0,2,0,0,0,0.2,13.2,0
Niger,1900,0,0,0,0,0,0,0,0,0
Niger,1910,0,0,0,0,0,0,0,0,8500
Niger,1920,0,0,0,0,0,0,0,0,0
Niger,1930,0,0,0,0,0,0,0,0,0
Niger,1940,0,0,0,0,0,0,0,0,0
Niger,1950,0,0,0,0,0,0,0,0,0
Niger,1960,0,0,0,0,0,0,0,0,0
Niger,1970,0,0,0,0,0,0,0,0,0
Niger,1980,0,0,0,0,0,0,0,2,0
Niger,1990,0,0,0,0,0,0,0,7.4,0
Niger,2000,0,0,0.4,0,0,0,0,3.4,0
Niger,2010,0,0,0,0,0,0,0,42.8,0
Nigeria,1970,0,0,10,0,0,0,0,0,0
Nigeria,1980,0,0,0,0,0,0,0,13,0
Nigeria,1990,1.8,0,10,0,0,0,0,13.4,0
Nigeria,2000,6,0,0,3.2,0,0,0,53.6,0
Nigeria,2010,0,0,5.4,0,0,0,0,103.8,0
North America,1900,0,0,700.2,5.3,12.7,3856.5,390,62.2,0
North America,1910,0,107.3,364.8,11.8,0,0,526.7,0,0
North America,1920,0,10.3,605.8,0,0,0,70.1,24.6,0
North America,1930,169.3,0,1582.2,20,4,0,295,50.1,0
North America,1940,0,12.1,119.1,0,0,100,25.5,4018,0
North America,1950,17.6,1.1,517.8,36.2,0.3,0,187.2,233.9,0
North America,1960,50.2,0,1219.4,4.4,0,10.2,40.2,112.9,0
North America,1970,3.2,0,1185.6,320,3.1,0.4,3365.7,117.1,0
North America,1980,168.3,0.1,359.3,19.8,1,19,1080.8,247.6,0
North America,1990,207.2,9.8,2355.3,9.7,2.3,5.3,45.2,257.8,0
North America,2000,55,5.6,977.4,30.9,3.6,0.2,126,470.7,4.1
North America,2010,26.8,21.6,450,57.5,0,46.1,22311.8,129.6,0
North Korea,1980,0,0,0,0,0,0,0,31.5,0
North Korea,1990,0,0,0.6,0,0,0,0,27.6,0
North Korea,2000,0,0,4.9,0,0,0,0,122.9,0
North Korea,2010,0,0,18,0,0,0,0,93.6,0
North Macedonia,1990,0,0,0,0,0,0,0,0,0
North Macedonia,2000,3,0.1,0.1,0,0,0,0,0.2,0
North Macedonia,2010,0.4,0,0,0,0,0,0,3,0
Northern Mariana Islands,2000,0,0,0.3,0,0,0,0,0,0
Northern Mariana Islands,2010,0,0,0.2,0,0,0,0,0,0
Norway,1930,0,0,0,7.3,0,0,0,0,0
Norway,1940,0,0,0,0,0,0,0,0,0
Norway,1950,0,0,0,0,0,0,0,0,0
Norway,1960,0,0,0,0,0,0,0,0,0
Norway,1970,0,0,0,0,0,0,0,0,0
Norway,1980,0,0,0,0,0,0,0,0,0
Norway,1990,0,0,0,0,0,0,0,0.1,0
Norway,2000,0,0,0,0,0,0,0,0,0
Norway,2010,0,0,0.4,0.1,0,0,0,0,0
Oceania,1910,0,0,0,0,0,0,0,0,0
Oceania,1920,0,0,0,0,0,0,1.7,0,0
Oceania,1930,0,7.1,20.3,0,0,50.6,30.6,2.1,0
Oceania,1940,0,4.9,0.8,0,0,0,0,0,0
Oceania,1950,0,0,32.7,0,0,315,300,7,0
Oceania,1960,0,7.4,42.6,0,0,0,0.3,0.1,60
Oceania,1970,0,0.3,25.7,11.3,0,0,26.8,6,0
Oceania,1980,0,8.6,29.6,1.1,7.6,0,2.5,16.2,0
Oceania,1990,2.3,0.7,24.6,27.9,0,0.9,225.2,4,6
Oceania,2000,34.7,20.2,30,8.3,1,0,25.1,9.3,0
Oceania,2010,13.9,4.1,14.8,7,0,2.1,37.5,12.1,2.4
Oman,1970,0,0,10.7,0,0,0,0,0,0
Oman,1980,0,0,2.6,0,0,0,0,0,0
Oman,1990,0,0,0,0,0,0,0,0,0
Oman,2000,0,0,11.3,0,0,0,0,0,0
Oman,2010,0,0,3.6,0,0,0,0,1.1,0
Pakistan,1900,0,0,0,0,0,0,23.1,0,0
Pakistan,1910,0,0,0,0,0,0,0,0,0
Pakistan,1920,0,0,0,0,0,0,0,0,0
Pakistan,1930,0,0,0,0,0,0,6000,0,0
Pakistan,1940,0,0,0,0,0,0,400,0,0
Pakistan,1950,11.1,0,0,4.8,0,0,1.2,369.1,0
Pakistan,1960,0,0,1045,0,0,0,0,3.2,0
Pakistan,1970,8.4,0,0,0,0,0,480,206.6,0
Pakistan,1980,0,0,12.1,9.5,5,0,28.9,51.9,0
Pakistan,1990,68.4,0,95.6,19.5,0,0,41.3,418,14.3
Pakistan,2000,52.7,0,36.9,23.9,0,0,7357.9,226.5,0
Pakistan,2010,154.8,0,13.8,21.2,1.3,0,79.2,484.5,7.7
Palau,2010,0,0,0,0,0,0,0,0,0
Palestine,2000,0,0,0,0,0,0,0,0,0
Palestine,2010,0,0,0.5,0,0,0,0,0.5,0
Panama,1960,0,0,0.1,0,0,0,0,2,0
Panama,1970,0,0,0,0,0,0,0,7.4,0
Panama,1980,0,0,3,0,0,0,0,0.3,0
Panama,1990,0,0,1.5,0,0,0,3,1.4,0
Panama,2000,0,0,0,0,0,0,0.2,6.6,0
Panama,2010,0,0,1.4,0,0,0,0,3,0
Papua New Guinea,1930,0,0,0,0,0,50.6,0,0,0
Papua New Guinea,1940,0,0,0,0,0,0,0,0,0
Papua New Guinea,1950,0,0,0,0,0,300,300,0,0
Papua New Guinea,1960,0,0,0,0,0,0,0,0,0
Papua New Guinea,1970,0,0,0,11.3,0,0,1.5,0,0
Papua New Guinea,1980,0,0,0,0,7.6,0,1.1,5.6,0
Papua New Guinea,1990,0,0,4.7,23.8,0,0.9,223.5,0.2,6
Papua New Guinea,2000,0,0,17.2,8.3,1,0,0.8,0.2,0
Papua New Guinea,2010,0,0,0,7,0,0,18.1,0.7,2.4
Paraguay,1960,0,0,0,0,0,0,0,0.6,0
Paraguay,1970,0,0,0,0,0,0,0,0,0
Paraguay,1980,0,0,0,0,0,0,0,7.6,0
Paraguay,1990,0,0,3.3,0,0,0,0,5.5,1.2
Paraguay,2000,0.8,0.8,0,0,0,0,0,0,0.4
Paraguay,2010,1.2,0,0.7,0,0,0,0,5.2,0
Peru,1910,0,0,0,0,0,0,18.4,0,0
Peru,1920,0,0,0,0,0,0,0,0,0
Peru,1930,0,0,0,0,0,0,3.7,0,0
Peru,1940,0,0,0,500,0,0,204.2,0,0
Peru,1950,0,0,0,13,0,0,12,0,0
Peru,1960,0,0,6,4.1,200,0,34.4,8.5,0
Peru,1970,0,0,0,141,0,0,6694.8,27.6,0
Peru,1980,1.7,0,0,123.8,0,0,5.4,78.3,0
Peru,1990,2.5,0,51.8,43.8,0,0,29.2,30,0
Peru,2000,77,0,5.9,18.7,0,0,74.9,29.7,0
Peru,2010,120.8,0,1.6,10.5,0,0,1.8,48.7,0
Philippines,1900,0,0,24,0,0,0,0,0,0
Philippines,1910,0,0,0,0,0,133.5,10,0,0
Philippines,1920,0,0,0,0,0,0,1.7,0,0
Philippines,1930,0,0,128.5,0,0,0,0.1,0,0
Philippines,1940,0,0,133.3,0,0,0,7.2,0,0
Philippines,1950,0,0,221.7,0,0,58.4,41.3,0,0
Philippines,1960,0,0,168.8,4,0,35.8,30.3,2.9,0
Philippines,1970,0,0,624.1,2.2,0,0,602.9,84.5,0
Philippines,1980,0,0,720.3,35.3,35,0,2.1,52.5,0
Philippines,1990,0,0.2,971.7,19.3,0,71.9,250.4,109.8,0.8
Philippines,2000,0,0,714.1,172.7,1.1,0,1.5,48.9,0
Philippines,2010,0,0,1255,10.6,0,0,45.1,68.2,0
Poland,1920,0,0,8.2,0,0,0,0,0,0
Poland,1930,0,0,0,0,0,0,0,0,0
Poland,1940,0,0,0,0,0,0,0,0,0
Poland,1950,0,0,0,0,0,0,0,0,0
Poland,1960,0,0,0,0,0,0,0,0,0
Poland,1970,0,0,0,0,0,0,0,0,0
Poland,1980,0,0,0,0,0,0,0,0,0
Poland,1990,26.8,3.5,0.4,0,0,0,0,6.4,0
Poland,2000,110.8,0,3.8,0,0,0,0,3,0
Poland,2010,70.9,0,1.6,0,0,0,0,2.1,0
Portugal,1900,0,0,0,0,0,0,3,0,0
Portugal,1910,0,0,0,0,0,0,0,0,0
Portugal,1920,0,0,0,0,0,0,0,0,0
Portugal,1930,0,0,0,0,0,0,0,0,0
Portugal,1940,0,0,14.7,0,0,0,0,0,0
Portugal,1950,0,0,0,0,0,0,0,0,0
Portugal,1960,0,2.5,0,0,0,0,0.2,46.2,0
Portugal,1970,0,0,1.1,0,0,0,0,2.3,0
Portugal,1980,0,2.9,0,0,0,0,6.9,4.9,0
Portugal,1990,0,0,2.9,2.9,0,0,1,1,0
Portugal,2000,319.9,3.1,0.4,0,0,0,0,0.9,0
Portugal,2010,0,12.2,0.9,0,0,0,0,4.4,0
Puerto Rico,1910,0,0,0,0,0,0,11.6,0,0
Puerto Rico,1920,0,0,30,0,0,0,0,0,0
Puerto Rico,1930,0,0,22.5,0,0,0,0,0,0
Puerto Rico,1940,0,0,0,0,0,0,0,0,0
Puerto Rico,1950,0,0,0,0,0,0,0,0,0
Puerto Rico,1960,0,0,0,0,0,0,0,0,0
Puerto Rico,1970,0,0,2.9,0,0,0,0,6,0
Puerto Rico,1980,0,0,0,12.6,0,0,0,50,0
Puerto Rico,1990,0,0,2,0,0,0,0,1.8,0
Puerto Rico,2000,0,0,0.3,0,0,0,0,0.4,0
Puerto Rico,2010,0,0,6.7,0,0,0,0,0.1,0
Qatar,2010,0,0,0,0,0,0,0,0,0
Reunion,1940,0,0,16.5,0,0,0,0,0,0
Reunion,1950,0,0,0,0,0,0,0,0,0
Reunion,1960,0,0,0,0,0,0,0,0,0
Reunion,1970,0,0,0,0,0,0,0,0,0
Reunion,1980,0,0,4.5,1,0,0,0,0,0
Reunion,1990,0,0,1.4,0,0,0,0,0,0
Reunion,2000,0,0,0.4,0,0,0,0,0,0
Reunion,2010,0,0,0.1,0,0,0,0,0,0
Romania,1900,0,0,0,0,0,0,0,0,0
Romania,1910,0,0,0,0,0,0,0,0,0
Romania,1920,0,0,0.6,0,0,0,0,100,0
Romania,1930,0,0,0,0,0,0,0,0,0
Romania,1940,0,0,0,0,0,0,98,0,0
Romania,1950,0,0,0,0,0,0,0,0,0
Romania,1960,0,0,0,0,0,0,0,0,0
Romania,1970,0,0,0,0,0,0,164.1,27.5,0
Romania,1980,0,0,0,0,0,0,0,0,0
Romania,1990,9.6,0,1.5,0,0,0,0.9,19.7,0
Romania,2000,28.2,0,2.9,0,0,0,0,19.6,0
Romania,2010,15.3,0,0.9,0,0,0,0,4.7,0
Russia,1990,56.4,6.7,17.7,31.6,0,0,200.1,20.4,0
Russia,2000,135.6,0.9,3.4,15.8,0,0,1.8,28,0
Russia,2010,5599.4,9.3,1.7,0,0,0,0,28.2,0
Rwanda,1970,0,0,0,0,0,0,0,0,0
Rwanda,1980,0,0,0,0,0,0,0,4.8,23.7
Rwanda,1990,0,0,0,0,0,0,0,0,0
Rwanda,2000,0,0,0,2.4,0,0,8.1,11.1,0
Rwanda,2010,0,0,0.3,8.9,0,0,0,17.4,0
Saint Barthelemy,2010,0,0,0.4,0,0,0,0,0,0
"Saint Helena, Ascension and Tristan da Cunha",2000,0,0,0,0,0,0,0,0,0
Saint Kitts and Nevis,1920,0,0,0,0,0,0,0,0,0
Saint Kitts and Nevis,1930,0,0,0,0,0,0,0,0,0
Saint Kitts and Nevis,1940,0,0,0,0,0,0,0,0,0
Saint Kitts and Nevis,1950,0,0,0,0,0,0,0,0,0
Saint Kitts and Nevis,1960,0,0,0,0,0,0,0,0,0
Saint Kitts and Nevis,1970,0,0,0,0,0,0,0,0,0
Saint Kitts and Nevis,1980,0,0,0.1,0,0,0,0,0,0
Saint Kitts and Nevis,1990,0,0,0.5,0,0,0,0,0,0
Saint Kitts and Nevis,2000,0,0,0,0,0,0,0,0,0
Saint Kitts and Nevis,2010,0,0,0,0,0,0,0,0,0
Saint Lucia,1960,0,0,1,0,0,0,0,0,0
Saint Lucia,1970,0,0,0,0,0,0,0,0,0
Saint Lucia,1980,0,0,0.9,0,0,0,0,0,0
Saint Lucia,1990,0,0,0.4,0,0,0,0,0,0
Saint Lucia,2000,0,0,0.1,0,0,0,0,0,0
Saint Lucia,2010,0,0,1.4,0,0,0,0,0.6,0
Saint Martin (French Part),2010,0,0,1.2,0,0,0,0,0,0
Saint Vincent and the Grenadines,1900,0,0,0,0,0,156.5,0,0,0
Saint Vincent and the Grenadines,1910,0,0,0,0,0,0,0,0,0
Saint Vincent and the Grenadines,1920,0,0,0,0,0,0,0,0,0
Saint Vincent and the Grenadines,1930,0,0,0,0,0,0,0,0,0
Saint Vincent and the Grenadines,1940,0,0,0,0,0,0,0,0,0
Saint Vincent and the Grenadines,1950,0,0,12.2,0,0,0,0,0,0
Saint Vincent and the Grenadines,1960,0,0,0.2,0,0,0,0,0,0
Saint Vincent and the Grenadines,1970,0,0,0,0,0,0.2,0,0,0
Saint Vincent and the Grenadines,1980,0,0,0,0,0,0,0,0,0
Saint Vincent and the Grenadines,1990,0,0,0,0,0,0,0,0.3,0
Saint Vincent and the Grenadines,2000,0,0,0.4,0,0,0,0,0,0
Saint Vincent and the Grenadines,2010,0,0,0.1,0,0,0,0,1.2,0
Samoa,1960,0,0,26,0,0,0,0,0,0
Samoa,1970,0,0,0,0,0,0,0,0,0
Samoa,1980,0,0,0,0,0,0,0,0,0
Samoa,1990,0,0,2.1,0,0,0,0,0,0
Samoa,2000,0,0,1,0,0,0,14.8,0,0
Samoa,2010,0,0,1.2,0,0,0,0,0,0
Sao Tome and Principe,1980,0,0,0,0,0,0,0,0,0
Saudi Arabia,1960,0,0,0,0,0,0,0,2,0
Saudi Arabia,1970,0,0,0,0,0,0,0,0,0
Saudi Arabia,1980,0,0,0,0,0,0,0,3.2,0
Saudi Arabia,1990,0,0,0,0,0,0,0,0,0
Saudi Arabia,2000,0,0,0,0,0,0,0,26,0
Saudi Arabia,2010,0,0,0.3,0,0,0,0,16.1,0
Senegal,1910,0,0,0,0,0,0,0,0,0
Senegal,1920,0,0,0,0,0,0,0,0,0
Senegal,1930,0,0,0,0,0,0,0,0,0
Senegal,1940,0,0,0,0,0,0,0,0,0
Senegal,1950,0,0,0,0,0,0,0,0,0
Senegal,1960,0,0,0,0,0,0,0,0,0
Senegal,1970,0,0,0,0,0,0,0,0,0
Senegal,1980,0,0,0,0,0,0,0,0,0
Senegal,1990,0,0,18.7,0,0,0,0,0,0
Senegal,2000,0,0,0.2,0,0,0,0,5.1,0
Senegal,2010,0,0,0,0,0,0,0,4,0
Serbia,2000,0,0,0,0,0,0,0,0,0
Serbia,2010,3.6,0,0,0,0,0,0.2,5.8,0
Serbia-Montenegro,1990,0,0,0,0,0,0,0,1.2,0
Serbia-Montenegro,2000,0.6,0,0,0,0,0,0.1,0.2,0
Seychelles,1990,0,0,0,0,0,0,0,0.5,0
Seychelles,2000,0,0,0,0,0,0,0.3,0,0
Seychelles,2010,0,0,0,0,0,0,0,0,0
Sierra Leone,1970,0,0,0.1,0,0,0,0,0,0
Sierra Leone,1980,0,0,6,0,0,0,0,0,0
Sierra Leone,1990,0,0,1.3,0,0,0,0,1.2,0
Sierra Leone,2000,0,0,0,0,0,0,0,13.3,0
Sierra Leone,2010,0,0,0,111.8,0,0,0,3.8,0
Sint Maarten (Dutch part),2010,0,0,0.4,0,0,0,0,0,0
Slovakia,1990,0,0,0,0,0,0,0,5.6,0
Slovakia,2000,0.1,0.6,0.2,0,0,0,0,0.4,0
Slovakia,2010,12.7,0,0.1,0,0,0,0,0.5,0
Slovenia,1990,0,0,0,0,0,0,0,0,0
Slovenia,2000,28.9,0,0.6,0,0,0,0.1,0,0
Slovenia,2010,0.1,0,0,0,0,0,0,0.3,0
Solomon Islands,1930,0,0,0,0,0,0,5,0,0
Solomon Islands,1940,0,0,0,0,0,0,0,0,0
Solomon Islands,1950,0,0,20,0,0,0,0,0,0
Solomon Islands,1960,0,0,1.6,0,0,0,0,0,0
Solomon Islands,1970,0,0,0.2,0,0,0,25.2,0,0
Solomon Islands,1980,0,0,10.1,0,0,0,0.1,0,0
Solomon Islands,1990,0,0,0.4,0,0,0,0,0,0
Solomon Islands,2000,0,0,0,0,0,0,5.2,2.1,0
Solomon Islands,2010,0,0,0.9,0,0,0,1,4.9,0
Somalia,1960,0,0,0,0,0,0,0,20,5
Somalia,1970,0,0,0,0,0,0,0,0,1900
Somalia,1980,0,0,0,0,0,0,0,3.9,60
Somalia,1990,0,0,3,0,0,0,0,243.4,2.1
Somalia,2000,0,0,0,0,0,0,29.8,14,0.2
Somalia,2010,0,0,22.1,0,0,0,0,8,2000
South Africa,1950,0,0,3.5,0,0,0,0,5.1,0
South Africa,1960,0,0,0,0,0,0,0.9,0,0
South Africa,1970,0,0,0,0,0,0,0,5.6,0
South Africa,1980,0,0,7.4,0,0,0,0,63.5,0
South Africa,1990,3,3.4,5.5,3.4,0,0,2.5,28,0
South Africa,2000,2.2,9.4,6.2,0,0,0,0.2,15.2,0
South Africa,2010,1.1,0.9,7.3,0,0,0,0.1,19.9,0
South America,1900,0,0,0,0,0,0,2040,0,0
South America,1910,0,0,0,0,0,0,18.4,0,0
South America,1920,0,0,0,10,0,0,196,0,0
South America,1930,0,0,0,19,0,0,3005.5,0,0
South America,1940,0,0,10,500,0,110,1829.7,20,0
South America,1950,0,0,5.9,38.3,0,0,55.7,87.7,0
South America,1960,11.3,0,15.4,101,200,0.4,711.6,284.8,0
South America,1970,22.6,0,21,255.5,0,0.1,6780.2,216.7,0
South America,1980,9.4,0,30.3,276.8,16,2180,552.3,397.4,2
South America,1990,2.7,3.8,68.3,188.2,7.5,1.6,204.7,3158.1,1.2
South America,2000,85.6,1.6,22.8,79.1,7.2,2.1,78.7,308.7,0.4
South America,2010,132,7.9,8.5,101.9,0,0,128.4,389.1,0.8
South Korea,1930,0,0,110.4,0,0,0,0,0,0
South Korea,1940,0,0,0,0,0,0,0,0,0
South Korea,1950,0,0,67,10.3,0,0,0,30.9,0
South Korea,1960,0,0,31.3,11.6,0,0,0,136.5,0
South Korea,1970,0,0,26.3,2.5,0,0,0,111.7,0
South Korea,1980,0,0,116.4,7.2,0,0,0,21.6,0
South Korea,1990,4,0,33.6,3,0,0,0,75.3,0
South Korea,2000,0,0.2,42.3,0,0,0,0,19.8,0
South Korea,2010,0.6,0.1,8.7,5.9,0,0,0,7.9,0
South Sudan,2000,0,0,0,0,0,0,0,1.7,0
South Sudan,2010,0,5,0,0,0,0,0,14.9,0
Soviet Union,1900,0,0,0,0,0,0,456.2,0,0
Soviet Union,1910,0,0,0,0,0,0,0,0,0
Soviet Union,1920,0,0,2.3,0,0,0,0,0,120000
Soviet Union,1930,0,0,0,0,0,0,0,0,0
Soviet Union,1940,0,0,0,1200,0,0,11390,0,0
Soviet Union,1950,0,0,0,0,0,0,0,0,0
Soviet Union,1960,0,0,0,14.5,0,0,1,0,0
Soviet Union,1970,0,0,0,1.3,0,0,0,0,0
Soviet Union,1980,0,0,40,12.4,5.2,0,2530.6,12.7,0
Soviet Union,1990,0,0,4.1,4.3,5,0,27.9,2.1,0
Spain,1940,0,0,2,0,0,0,0,0,0
Spain,1950,0,0,2.6,0,0,0,1.1,12.7,0
Spain,1960,0,0,0,0,0,0,0,44.5,0
Spain,1970,40,0,1.9,0,0,0,0,52.2,0
Spain,1980,4,1.7,4.2,0,0,0,0,13.9,0
Spain,1990,3,2,4.8,8.4,0,0,0,1.6,0
Spain,2000,1515.9,2.9,5.8,0,0,0,0,5.8,0
Spain,2010,1.1,0.8,1.6,0,0,0,1,5.6,0
Sri Lanka,1950,0,0,20,0,0,0,0,0,0
Sri Lanka,1960,0,0,20.6,0,0,0,0,10.9,0
Sri Lanka,1970,0,0,74,5.4,0,0,0,1,0
Sri Lanka,1980,0,0,0,0,0,0,0,48.3,0
Sri Lanka,1990,0,0,0,6.5,0,0,0,10.5,0
Sri Lanka,2000,0,0,1.4,0,0,0,3539.9,36.3,0
Sri Lanka,2010,0,0,5.6,24.1,0,0,0,93.7,0
Sudan,1970,0,0,0,0,0,0,0,3.4,0
Sudan,1980,0,0,0,0,0,0,0,9.6,15000
Sudan,1990,0,4.7,0,0,0,0,0.3,33,0
Sudan,2000,0,0,3.3,0,0,0,0,22.5,0
Sudan,2010,1.6,0,2,0,0,0,0,52.6,0
Suriname,1960,0,0,0,0,0,0,0,0,0
Suriname,1970,0,0,0,0,0,0,0,0,0
Suriname,1980,0,0,0,0,0,0,0,0,0
Suriname,1990,0,0,0,0,0,0,0,0,0
Suriname,2000,0,0,0,0,0,0,0,0.5,0
Sweden,1970,0,0,0,1.3,0,0,0,0,0
Sweden,1980,0,0,0,0,0,0,0,1.1,0
Sweden,1990,0,0,0.3,0,0,0,0,0,0
Sweden,2000,0,0,0.8,0,0,0,0,0,0
Sweden,2010,0,0,0.7,0,0,0,0,0,0
Switzerland,1950,0,0,0,9.2,0,0,0,0,0
Switzerland,1960,0,0,0,11,0,0,0,0,0
Switzerland,1970,0,0,0,4.3,0,0,0,0,0
Switzerland,1980,0,0,0.1,0,0,0,0,0,0
Switzerland,1990,0,0,1.9,3,0,0,0,0.3,0
Switzerland,2000,103.9,0,0.2,2,0,0,0,0.7,0
Switzerland,2010,1.1,0,0.6,0,0.8,0,0,0,0
Syria,1960,0,0,0,0,0,0,0,0,0
Syria,1970,0,0,0,0,0,0,0,0,0
Syria,1980,0,0,0,0,0,0,0,0,0
Syria,1990,0,0,0,0,0,0,0,0,0
Syria,2000,0,0,3.2,8,0,0,0,0.6,0
Syria,2010,0,0,1.3,0,0,0,0,0.2,0
Taiwan,1900,0,0,0,0,0,0,143,0,0
Taiwan,1910,0,0,100,0,0,0,29.5,0,0
Taiwan,1920,0,0,100,0,0,0,0.5,0,0
Taiwan,1930,0,0,0,0,0,0,603.6,0,0
Taiwan,1940,0,0,0,0,0,0,37.7,0,0
Taiwan,1950,0,0,124.4,0,0,0,10.1,0,0
Taiwan,1960,0,0,84.1,0,0,0,12.2,0,0
Taiwan,1970,0,0,6.1,0,0,0,0,4.5,0
Taiwan,1980,0,0,24.7,1.4,0,0,1.3,3.1,0
Taiwan,1990,0,0,21.3,0,0,0,226.5,1.3,0
Taiwan,2000,0,0,111,0,0,0,0.6,1.9,0
Taiwan,2010,8.5,0,8.2,0,0,0,20.6,1.1,0
Tajikistan,1910,0,0,0,0,0,0,9,0,0
Tajikistan,1920,0,0,0,0,0,0,0,0,0
Tajikistan,1930,0,0,0,0,0,0,17.5,0,0
Tajikistan,1940,0,0,0,0,0,0,0,0,0
Tajikistan,1950,0,0,0,0,0,0,0,0,0
Tajikistan,1960,0,0,0,0,0,0,0,0,0
Tajikistan,1970,0,0,0,0,0,0,0,0,0
Tajikistan,1980,0,0,0,0,0,0,0,0,0
Tajikistan,1990,0,0,0,29.9,1.2,0,0,142.4,0
Tajikistan,2000,0,0,0,5.6,0,0,1.7,8.9,0
Tajikistan,2010,0.1,0,0,2.3,0,0,0.4,10.9,0
Tanzania,1960,0,0,0,0,0,0,0.4,4,0
Tanzania,1970,0,0,0,0,0,0,0,2.5,0
Tanzania,1980,0,0,0,0,0,0,0,1,0
Tanzania,1990,0,0,0.4,0,0,0,0,42.1,0
Tanzania,2000,0,0,0,1.3,0,0,1.5,16.2,0
Tanzania,2010,0,0,4.7,0,0,0,1.7,17.5,0
Thailand,1960,0,0,76.9,0,0,0,0,0.6,0
Thailand,1970,0,0,5,0,0,0,0,33.5,0
Thailand,1980,0,0,51.3,0,0,0,0,87.2,0
Thailand,1990,0,0,33.7,0.9,0,0,0,51.8,0
Thailand,2000,0,0,2.7,3.8,0,0,834.5,96.8,0
Thailand,2010,7.7,0,2.8,0,0,0,0.2,143.8,0
Timor,2000,0,0,0,0,0,0,0,0.5,0
Timor,2010,0,0,0,0,0,0,0,0,0
Togo,1960,0,0,0,0,0,0,0,0,0
Togo,1970,0,0,0,0,0,0,0,0,0
Togo,1980,0,0,0,0,0,0,0,0,0
Togo,1990,0,0,0,0,0,0,0,0.3,0
Togo,2000,0,0,0,0,0,0,0,4.7,0
Togo,2010,0,0,0,0,0,0,0,2.2,0
Tonga,1940,0,0,0,0,0,0,0,0,0
Tonga,1950,0,0,0,0,0,0,0,0,0
Tonga,1960,0,0,0.2,0,0,0,0,0,0
Tonga,1970,0,0,0.3,0,0,0,0.1,0,0
Tonga,1980,0,0,0.7,0,0,0,0,0,0
Tonga,1990,0,0,0.1,0,0,0,0,0,0
Tonga,2000,0,0,0,0,0,0,0.9,0,0
Tonga,2010,0,0,0.1,0,0,0,0,0,0
Trinidad and Tobago,1930,0,0,1.3,0,0,0,0,0,0
Trinidad and Tobago,1940,0,0,0,0,0,0,0,0,0
Trinidad and Tobago,1950,0,0,0,0,0,0,0,0,0
Trinidad and Tobago,1960,0,0,2.4,0,0,0,0,0,0
Trinidad and Tobago,1970,0,0,0.2,0,0,0,0,0,0
Trinidad and Tobago,1980,0,0,0,0,0,0,0,0,0
Trinidad and Tobago,1990,0,0,0,0,0,0,0,0.5,0
Trinidad and Tobago,2000,0,0,0.1,0.2,0,0,0,0,0
Trinidad and Tobago,2010,0,0,0,0,0,0,0,0,0
Tunisia,1950,0,0,0,0,0,0,1.3,0,0
Tunisia,1960,0,0,0,0,0,0,0,62.9,0
Tunisia,1970,0,0,0,0,0,0,0,11.1,0
Tunisia,1980,0,0,0,0,0,0,0,14,0
Tunisia,1990,0,0,0,0,0,0,0,3.7,0
Tunisia,2000,0,0,0,0,0,0,0,4.5,0
Tunisia,2010,0,0,0,0,0,0,0,1.3,0
Turkey,1900,0,0,0,0,0,0,640,0,0
Turkey,1910,0,0,0,0,0,0,492.3,0,0
Turkey,1920,0,0,0,0,0,0,36.3,0,0
Turkey,1930,0,0,0,0,0,0,3384.4,0,0
Turkey,1940,0,0,0,0,0,0,1445,33.2,0
Turkey,1950,0,0,0,0,0,0,158.1,23.7,0
Turkey,1960,0,0,0,0,0,0,281,14.7,0
Turkey,1970,0,0,3,6.7,0,0,828.2,3.3,0
Turkey,1980,3,1.3,0,10.4,0,0,136.7,9.8,0
Turkey,1990,0,0,3.1,20.9,26.1,0,1887.6,26.6,0
Turkey,2000,7,0.2,3.7,3.9,0,0,25.2,20.8,0
Turkey,2010,0,0,0,4.4,0,0,69.9,5.6,0
Turkmenistan,1990,0,0,0,0,0,0,0,0,0
Turkmenistan,2000,0,0,0,0,0,0,1.1,0,0
Turks and Caicos Islands,1980,0,0,0,0,0,0,0,0,0
Turks and Caicos Islands,1990,0,0,0,0,0,0,0,0,0
Turks and Caicos Islands,2000,0,0,0.4,0,0,0,0,0,0
Turks and Caicos Islands,2010,0,0,0,0,0,0,0,0,0
Tuvalu,1970,0,0,0.6,0,0,0,0,0,0
Tuvalu,1980,0,0,0,0,0,0,0,0,0
Tuvalu,1990,0,0,0,0,0,0,0,0,0
Tuvalu,2000,0,0,0,0,0,0,0,0,0
Tuvalu,2010,0,0,0,0,0,0,0,0,0
Uganda,1960,0,0,0,0,0,0,10.4,0,0
Uganda,1970,0,0,0,0,0,0,0,0,0
Uganda,1980,0,0,0,0,0,0,0,0,0
Uganda,1990,0,0,0,2,0,0,0.7,10,11.5
Uganda,2000,0,0,0,1.1,0,0,0,12.8,7.9
Uganda,2010,0,0,2.3,56,0,0,0.4,18.4,0
Ukraine,1990,0,0,1.1,0,0,0,0,2.7,0
Ukraine,2000,83.3,0,1,0,0,0,0,4.9,0
Ukraine,2010,26.9,0,0,0,0,0,0,1.1,0
United Arab Emirates,2010,0,0,0,0,0,0,0,0,0
United Kingdom,1950,0,0,0,0,0,0,0,3.4,0
United Kingdom,1960,0,0,2,14,0,0,0,0,0
United Kingdom,1970,0,0,0,0,0,0,0,0.6,0
United Kingdom,1980,0,0,7.2,0,0,0,0,0,0
United Kingdom,1990,1.4,0,19.1,0,0,0,0,1.7,0
United Kingdom,2000,30.5,0,5.5,0,0,0,0,2.6,0
United Kingdom,2010,76.5,0,1.9,0,0,0,0,1.1,0
United States,1900,0,0,678.7,0,0,0,70,32.2,0
United States,1910,0,100,182.1,0,0,0,0.6,0,0
United States,1920,0,0,315.4,0,0,0,2.6,24.6,0
United States,1930,119.3,0,187.5,20,0,0,11.6,33.7,0
United States,1940,0,12.1,110.6,0,0,0,18.2,5.5,0
United States,1950,17.6,1.1,251.8,0,0,0,4.2,14.8,0
United States,1960,41.2,0,277.5,0,0,0,19.9,22.4,0
United States,1970,3.2,0,144.7,40,0,0,6.5,59.9,0
United States,1980,166,0,184.4,0,0,9,7.7,14,0
United States,1990,115.6,4.8,184.9,0,0,0,6.5,38.2,0
United States,2000,38.7,5.5,331.6,1.5,0,0,0.3,29.9,0
United States,2010,18.5,21.5,232.1,6.4,0,0,0.1,27.1,0
United States Virgin Islands,1980,0,0,0,0,0,0,0,0,0
United States Virgin Islands,1990,0,0,1,0,0,0,0,0,0
United States Virgin Islands,2000,0,0,0,0,0,0,0,0,0
United States Virgin Islands,2010,0,0,0.7,0,0,0,0,0,0
Upper middle income,1900,0,0,6.5,5.3,0,856.5,3035.7,30,0
Upper middle income,1910,0,0,5019.9,0,0,500,3947.2,10000,0
Upper middle income,1920,0,6,10560.4,10,0,0,24071.5,0,350000
Upper middle income,1930,0,0,824.5,69,4,266.9,6167.4,436016.4,0
Upper middle income,1940,0,0,195.2,500,0,200,3578.7,9798.7,0
Upper middle income,1950,15.8,0,630.3,88.8,0,133.7,968.6,204803.7,0
Upper middle income,1960,20.3,0,535.4,101.3,200,288,3075.7,313.8,800
Upper middle income,1970,22.6,0,453.2,265.8,0,30.2,40761.4,2335.6,6.3
Upper middle income,1980,21.7,20.4,529.4,376.7,58.8,2212.9,2154.6,2330.8,201.4
Upper middle income,1990,169.7,52.8,909.1,382.6,55.3,16.3,6988.4,5416.3,268.4
Upper middle income,2000,270.8,13.3,571,329,16.3,2.3,30050.9,1515.7,17.9
Upper middle income,2010,5757.4,22,282.2,475.7,4.6,127.9,1256.8,1400.6,1.9
Uruguay,1960,0,0,0,0,0,0,0,0.8,0
Uruguay,1970,0,0,0,0,0,0,0,0,0
Uruguay,1980,0,0,0,0,0,0,0,0,0
Uruguay,1990,0,0,0.2,0,0,0,0,0.1,0
Uruguay,2000,0.7,0,0.9,0,0,0,0,0.3,0
Uruguay,2010,0.4,0,0,0,0,0,0,1,0
Uzbekistan,1990,0,0,0,2.4,0.1,0,0.9,0,0
Uzbekistan,2000,0,0,0,0,0,0,0,0,0
Uzbekistan,2010,0,0,0,0,0,0,1.3,0,0
Vanuatu,1940,0,0,0,0,0,0,0,0,0
Vanuatu,1950,0,0,10,0,0,0,0,0,0
Vanuatu,1960,0,0,0,0,0,0,0,0,0
Vanuatu,1970,0,0,0.4,0,0,0,0,0,0
Vanuatu,1980,0,0,5.7,0.1,0,0,0,0,0
Vanuatu,1990,0,0,3.8,0,0,0,1.2,0,0
Vanuatu,2000,0,0,0.4,0,0,0,0,0,0
Vanuatu,2010,0,0,2.3,0,0,0,0,0,0
Venezuela,1950,0,0,0,0,0,0,10,0,0
Venezuela,1960,0,0,0,3,0,0,24,0,0
Venezuela,1970,0,0,0,0,0,0,0,0,0
Venezuela,1980,0,0,1.1,11.6,0,0,0.3,14.4,0
Venezuela,1990,0,0,10,1.8,0,0,8,3003.4,0
Venezuela,2000,0,0,0.5,0,0,0,0,16,0
Venezuela,2010,0,0,0.8,0,0,0,0,6.6,0
Vietnam,1950,0,0,105.6,0,0,0,0,0,0
Vietnam,1960,0,0,700,0,0,0,0,43.1,0
Vietnam,1970,0,0,21.2,0,0,0,0,31.1,0
Vietnam,1980,0,0,373.9,0,0,0,0,38.5,0
Vietnam,1990,0,0,554.1,22.1,0,0,0,201.6,0
Vietnam,2000,0,0,131.9,10.9,0,0,0,200,0
Vietnam,2010,0,0,50.8,0,0,0,0,86.7,0
Wallis and Futuna,1960,0,0,0,0,0,0,0,0,0
Wallis and Futuna,1970,0,0,0,0,0,0,0,0,0
Wallis and Futuna,1980,0,0,0.1,0,0,0,0,0,0
Wallis and Futuna,1990,0,0,0,0,0,0,0.5,0,0
Wallis and Futuna,2000,0,0,0,0,0,0,0,0,0
Wallis and Futuna,2010,0,0,0,0,0,0,0,0,0
World,1900,0,0,1801.4,5.3,12.7,3943.7,15314.8,62.8,126100
World,1910,0,107.3,5994.8,11.8,0,647.5,7031.1,10137.9,8500
World,1920,0,10.3,11998.8,42.8,0,14.4,38998.6,428.2,472400
World,1930,169.3,7.1,9383.5,103.3,4,317.5,16666.4,436146.5,0
World,1940,0,25,12726,1752.5,0,212.6,16772.8,10103.2,345000
World,1950,149.6,1.1,3125.7,215,0.3,510,2174.8,206169.8,0
World,1960,112.7,9.9,13358.2,506.8,215,324.2,5211.9,3239.4,151065
World,1970,155.3,0.5,35720.3,742.2,3.1,52.6,43188.1,7066.1,11908.1
World,1980,533.5,39.6,4606.7,624.9,124.8,2400.2,5837.2,5100.2,55726.8
World,1990,932.3,85.9,21114.8,852.9,66.3,97.4,10347.8,9548.2,313.4
World,2000,9167.9,62.9,17213,771.7,28.2,23.7,45363.5,5394.6,112.6
World,2010,7424.4,88.1,2763.2,1010.9,10,136.3,26748,5067.3,2012
Yemen,1990,0,0,0,0,0,0,1,44.6,0
Yemen,2000,0,0,3,7.6,0,0.6,0,33.6,0
Yemen,2010,0,0,7.5,2,0,0,0,15.8,0
Yugoslavia,1940,0,0,0,0,0,0,1.9,0,0
Yugoslavia,1950,0,0,0,0,0,0,0,0,0
Yugoslavia,1960,0,0,0,0,0,0,109.3,0.3,0
Yugoslavia,1970,0,0,0,0,0,0,12.1,2.2,0
Yugoslavia,1980,3.8,0,0,0,0,0,1.2,7,0
Yugoslavia,1990,0,0,0,0,0,0,0,0,0
Zambia,1970,0,0,0,0,0,0,0,1.1,0
Zambia,1980,0,0,0,0,0,0,0,0,0
Zambia,1990,0,0,0,0,0,0,0,0,0
Zambia,2000,0,0,0,0,0,0,0,6,0
Zambia,2010,0,0,0,0.9,0,0,0,0.4,0
Zimbabwe,1970,0,0,1.1,0,0,0,0,0,0
Zimbabwe,1980,0,0,0,0,0,0,0,0,0
Zimbabwe,1990,0,0,0,0,0,0,0,3.6,0
Zimbabwe,2000,0,0,0.8,0,0,0,0,11.2,0
Zimbabwe,2010,0,0,92,0,0,0,0,16.5,0
